0,0.000661076503677,0.002364131410052,0,0,0,0.022183267372418,0.999753921046916,0,0,0,0,0,0
0,0.000661076503677,0.002364131410052,0,0,0,0.022183267372418,0.999753921046916,0,0,0,0,0,0
0,-0.000663318024906,0.00091855440462,0,0,0,0.021602353814527,0.999766641926841,0,0,0,0,0,0
0,-0.002314967378822,-0.00089860399756,0,0,0,0.020914643689597,0.99978126491715,0,0,0,0,0,0
0,-0.004326444764268,-0.003123798123231,0,0,0,0.020102679301485,0.999797920724434,0,0,0,0,0,0
0,-0.006712858233671,-0.005787079253633,0,0,0,0.019330166336788,0.999813154879146,0,0,0,0,0,0
0,-0.009530065549348,-0.008938709703408,0,0,0,0.018391936207251,0.999830854036096,0,0,0,0,0,0
0,-0.012800138423797,-0.012633043020327,0,0,0,0.017347588778142,0.999849519259566,0,0,0,0,0,0
0,-0.016391419429955,-0.01690611838899,0,0,0,0.016103672048271,0.999870327465798,0,0,0,0,0,0
0,-0.020155193178822,-0.021522220080773,0,0,0,0.014603665159927,0.999893360795988,0,0,0,0,0,0
0,-0.024128451525763,-0.026131744228435,0,0,0,0.013071881755925,0.999914559303623,0,0,0,0,0,0
0,-0.027989298434676,-0.030848183805527,0,0,0,0.010760206076878,0.99994210730681,0,0,0,0,0,0
0,-0.031786830228072,-0.035622487225919,0,0,0,0.008133477059593,0.999966922728408,0,0,0,0,0,0
0,-0.035595183168398,-0.040399540639948,0,0,0,0.005170311994458,0.999986633847613,0,0,0,0,0,0
0,-0.039389730591094,-0.045194720688707,0,0,0,0.001997230387538,0.999998005533401,0,0,0,0,0,0
0,-0.04319580047453,-0.050010193084511,0,0,0,-0.001474287173108,0.999998913238075,0,0,0,0,0,0
0,-0.047017483826422,-0.054839297337463,0,0,0,-0.00527076524358,0.999986109420399,0,0,0,0,0,0
0,-0.05083805422143,-0.059734746317406,0,0,0,-0.009365166244725,0.999956145869012,0,0,0,0,0,0
0,-0.054675768552656,-0.06466543431197,0,0,0,-0.013796812186606,0.999904819457076,0,0,0,0,0,0
0,-0.058535248876844,-0.069591578899873,0,0,0,-0.018474594936652,0.999829330106857,0,0,0,0,0,0
0,-0.062386143397395,-0.074542582916729,0,0,0,-0.023400650371991,0.999726167288907,0,0,0,0,0,0
0,-0.066243083605133,-0.079576473479095,0,0,0,-0.028693073884685,0.999588268994314,0,0,0,0,0,0
0,-0.070027168406521,-0.084694215523952,0,0,0,-0.034283362766329,0.999412152736514,0,0,0,0,0,0
0,-0.073776514585396,-0.089881778295313,0,0,0,-0.040170394328046,0.999192843959328,0,0,0,0,0,0
0,-0.077550480375374,-0.09509138306292,0,0,0,-0.046192975251245,0.998932534777718,0,0,0,0,0,0
0,-0.081368212415617,-0.100355805188348,0,0,0,-0.052540809077063,0.998618777803386,0,0,0,0,0,0
0,-0.085211037928528,-0.105639896460044,0,0,0,-0.059049205009658,0.998255073309286,0,0,0,0,0,0
0,-0.089049884354879,-0.110943131369883,0,0,0,-0.065695180844966,0.997839738241441,0,0,0,0,0,0
0,-0.092910738776689,-0.116272219635235,0,0,0,-0.072390027917528,0.997376400291334,0,0,0,0,0,0
0,-0.096805344807532,-0.121592918865024,0,0,0,-0.079124298704641,0.99686475780544,0,0,0,0,0,0
0,-0.100718620931508,-0.126913799787889,0,0,0,-0.08588776182704,0.99630481900287,0,0,0,0,0,0
0,-0.104687870616378,-0.132211974216166,0,0,0,-0.092681846496241,0.995695774486387,0,0,0,0,0,0
0,-0.1087178816359,-0.13747271240892,0,0,0,-0.099538822600536,0.995033679226638,0,0,0,0,0,0
0,-0.112821551343159,-0.142689413105591,0,0,0,-0.106409828600469,0.994322356370015,0,0,0,0,0,0
0,-0.116979465420622,-0.147859286386772,0,0,0,-0.113306364297321,0.993560097734265,0,0,0,0,0,0
0,-0.121201077822714,-0.152993635106585,0,0,0,-0.120240913304316,0.992744741999545,0,0,0,0,0,0
0,-0.125513031923755,-0.158084896954525,0,0,0,-0.127343038665474,0.991858735155084,0,0,0,0,0,0
0,-0.129846099399966,-0.163148348304362,0,0,0,-0.134518217002684,0.990911120784512,0,0,0,0,0,0
0,-0.134191643526044,-0.168201309266972,0,0,0,-0.141722940069291,0.989906363378939,0,0,0,0,0,0
0,-0.138574668851416,-0.173226794161212,0,0,0,-0.149006141064678,0.98883627053472,0,0,0,0,0,0
0,-0.142965555546795,-0.178229995992454,0,0,0,-0.156413934607443,0.987691592077516,0,0,0,0,0,0
0,-0.147387950323675,-0.183202378580932,0,0,0,-0.163882218777194,0.986479912805458,0,0,0,0,0,0
0,-0.151805393975141,-0.188164594787561,0,0,0,-0.171515002853174,0.985181508046246,0,0,0,0,0,0
0,-0.156175423380181,-0.193178279008721,0,0,0,-0.178959136835233,0.983856507496489,0,0,0,0,0,0
0,-0.160589238344987,-0.198170884784324,0,0,0,-0.186261400687016,0.982500224231074,0,0,0,0,0,0
0,-0.165092608541666,-0.203081331597257,0,0,0,-0.193677689774991,0.981065213165477,0,0,0,0,0,0
0,-0.169708194845326,-0.207867854581485,0,0,0,-0.201342407099616,0.979520921217782,0,0,0,0,0,0
0,-0.174320610206648,-0.212631655910749,0,0,0,-0.209101976238954,0.977893840625333,0,0,0,0,0,0
0,-0.178935838751724,-0.217401915304858,0,0,0,-0.21685692648886,0.976203397573377,0,0,0,0,0,0
0,-0.183554143877744,-0.222160517295578,0,0,0,-0.224617884272816,0.974446923164522,0,0,0,0,0,0
0,-0.188152346464784,-0.226942789082833,0,0,0,-0.232413133327272,0.972617157702351,0,0,0,0,0,0
0,-0.192714926346789,-0.231759641784226,0,0,0,-0.24024076808616,0.970713332219854,0,0,0,0,0,0
0,-0.197265019628622,-0.2365719088593,0,0,0,-0.248005021241829,0.968758746767656,0,0,0,0,0,0
0,-0.201846308106685,-0.241366942325061,0,0,0,-0.255772834584861,0.966736912033685,0,0,0,0,0,0
0,-0.206436004958369,-0.246137109483396,0,0,0,-0.263470887051515,0.964667347678093,0,0,0,0,0,0
0,-0.211023781518909,-0.250910873400778,0,0,0,-0.271162441960799,0.962533599449835,0,0,0,0,0,0
0,-0.215618685733873,-0.25567547352586,0,0,0,-0.278822346637222,0.960342698736088,0,0,0,0,0,0
0,-0.220195270470774,-0.260449126616778,0,0,0,-0.286465145463383,0.958090663995137,0,0,0,0,0,0
0,-0.224771788224342,-0.265232386929343,0,0,0,-0.294125182911377,0.95576690504398,0,0,0,0,0,0
0,-0.229358887318312,-0.270029852439138,0,0,0,-0.301823644739592,0.953363774996779,0,0,0,0,0,0
0,-0.233806885474634,-0.274939430565872,0,0,0,-0.309686649821414,0.950838671343561,0,0,0,0,0,0
0,-0.238033973308552,-0.279959810323223,0,0,0,-0.317672654460295,0.948200445374368,0,0,0,0,0,0
0,-0.242103259816016,-0.285076522630443,0,0,0,-0.325699396579909,0.945473375123532,0,0,0,0,0,0
0,-0.246032228156418,-0.290264906321215,0,0,0,-0.333878685357604,0.942616053048047,0,0,0,0,0,0
0,-0.249718383272289,-0.295680936606942,0,0,0,-0.341998729952941,0.939700414339898,0,0,0,0,0,0
0,-0.253283543968727,-0.301194492507017,0,0,0,-0.350090563904202,0.936715857165468,0,0,0,0,0,0
0,-0.256727600304191,-0.306794428516653,0,0,0,-0.358089463440103,0.933687279646231,0,0,0,0,0,0
0,-0.260221396204357,-0.312370496928547,0,0,0,-0.366117308436235,0.930568705933854,0,0,0,0,0,0
0,-0.263606209319024,-0.318001026270693,0,0,0,-0.374140864545496,0.927371885209568,0,0,0,0,0,0
0,-0.266984465497837,-0.323632064824096,0,0,0,-0.382149189800537,0.924100642102792,0,0,0,0,0,0
0,-0.270270012115893,-0.32933222338755,0,0,0,-0.390126393600964,0.920761313813686,0,0,0,0,0,0
0,-0.273613513175093,-0.33502169066567,0,0,0,-0.398024444382166,0.917374809810182,0,0,0,0,0,0
0,-0.276891979503285,-0.340745470395595,0,0,0,-0.40596071637653,0.913890527776196,0,0,0,0,0,0
0,-0.280112422590733,-0.346440252159157,0,0,0,-0.413739129263539,0.910395481599205,0,0,0,0,0,0
0,-0.283622019956959,-0.35212102865119,0,0,0,-0.421237228266695,0.906950493424086,0,0,0,0,0,0
0,-0.287540607735603,-0.357492340702059,0,0,0,-0.428645938367726,0.903472556041882,0,0,0,0,0,0
0,-0.291638875155166,-0.362644470852966,0,0,0,-0.436083208957531,0.899906347830319,0,0,0,0,0,0
0,-0.29570628365728,-0.367836318850918,0,0,0,-0.44352156687751,0.896263699875499,0,0,0,0,0,0
0,-0.299708967925586,-0.373067681037918,0,0,0,-0.450940824455429,0.892553848705756,0,0,0,0,0,0
0,-0.303718038974287,-0.378295295303988,0,0,0,-0.458320242215508,0.888787126130615,0,0,0,0,0,0
0,-0.307701677722768,-0.383543816052109,0,0,0,-0.465706867401252,0.88493904516374,0,0,0,0,0,0
0,-0.311679248962798,-0.388789670051476,0,0,0,-0.47305045759294,0.881035336732364,0,0,0,0,0,0
0,-0.315648621006326,-0.394044078087244,0,0,0,-0.480392911136944,0.877053391150945,0,0,0,0,0,0
0,-0.319594048992835,-0.399315602961756,0,0,0,-0.487703264715671,0.873009464774395,0,0,0,0,0,0
0,-0.323560716994079,-0.404572724345498,0,0,0,-0.494958683295643,0.868916510276013,0,0,0,0,0,0
0,-0.327529919221159,-0.409831432860187,0,0,0,-0.502191363714488,0.864756517298704,0,0,0,0,0,0
0,-0.331494747951397,-0.415090940943676,0,0,0,-0.509340174720078,0.860565271444369,0,0,0,0,0,0
0,-0.335411578581753,-0.420386577349214,0,0,0,-0.516518319772918,0.856276138485105,0,0,0,0,0,0
0,-0.339292326424149,-0.425700530531384,0,0,0,-0.523648730638692,0.85193427381488,0,0,0,0,0,0
0,-0.343184518474454,-0.431013527476751,0,0,0,-0.530747083657015,0.847530255029031,0,0,0,0,0,0
0,-0.347056332692229,-0.436336297964154,0,0,0,-0.537834261298869,0.843050595974583,0,0,0,0,0,0
0,-0.350935431380109,-0.441655801250519,0,0,0,-0.544869561880631,0.838520816996221,0,0,0,0,0,0
0,-0.354822900604366,-0.446965595906264,0,0,0,-0.551967071211308,0.833865907864335,0,0,0,0,0,0
0,-0.35868249788304,-0.452309855768091,0,0,0,-0.558992458385855,0.82917273922129,0,0,0,0,0,0
0,-0.362590412503148,-0.457607311723862,0,0,0,-0.56594826427401,0.824440757219847,0,0,0,0,0,0
0,-0.36684006687772,-0.462768057477977,0,0,0,-0.572634759455948,0.81981060755691,0,0,0,0,0,0
0,-0.371655819269223,-0.467620528536761,0,0,0,-0.579222801374909,0.815169274670852,0,0,0,0,0,0
0,-0.376697378279243,-0.472138039164899,0,0,0,-0.585801444332189,0.810454605649398,0,0,0,0,0,0
0,-0.381712183755666,-0.476577480133325,0,0,0,-0.592419870898098,0.805629379159599,0,0,0,0,0,0
0,-0.386713820996435,-0.481034969075649,0,0,0,-0.598946921471651,0.800788726980863,0,0,0,0,0,0
0,-0.391685995350255,-0.485516071504688,0,0,0,-0.60554104032256,0.795814079094528,0,0,0,0,0,0
0,-0.396623058139358,-0.490012457056508,0,0,0,-0.612064851854683,0.790807572753388,0,0,0,0,0,0
0,-0.401550782300566,-0.494537126899088,0,0,0,-0.61861794126779,0.785691951557098,0,0,0,0,0,0
0,-0.406445950255604,-0.499072245479459,0,0,0,-0.625214808247655,0.780452717048156,0,0,0,0,0,0
0,-0.411328043588157,-0.503609489107819,0,0,0,-0.631785696519803,0.775143105286364,0,0,0,0,0,0
0,-0.416176532569584,-0.508177575426018,0,0,0,-0.638342355617462,0.769752581694112,0,0,0,0,0,0
0,-0.420997918284004,-0.51274909990136,0,0,0,-0.644872469428326,0.764290192383372,0,0,0,0,0,0
0,-0.425551754437722,-0.517481036447763,0,0,0,-0.651459386205656,0.758683509854109,0,0,0,0,0,0
0,-0.429773710558824,-0.522413199544164,0,0,0,-0.658066161722448,0.752960109697642,0,0,0,0,0,0
0,-0.43371708523509,-0.527553302281684,0,0,0,-0.664634994929529,0.747168202960368,0,0,0,0,0,0
0,-0.437373196554626,-0.532917729677371,0,0,0,-0.6710094119537,0.741448831052791,0,0,0,0,0,0
0,-0.440749499563349,-0.538505342311835,0,0,0,-0.677181955414219,0.735815601398458,0,0,0,0,0,0
0,-0.443879763084853,-0.544341440686217,0,0,0,-0.683172863346091,0.730256693764257,0,0,0,0,0,0
0,-0.446755782158756,-0.550383700517642,0,0,0,-0.688957405859815,0.724801830096278,0,0,0,0,0,0
0,-0.449379077349745,-0.556480737913758,0,0,0,-0.694487766845902,0.719504511244643,0,0,0,0,0,0
0,-0.451741589930122,-0.562639594125282,0,0,0,-0.699758245456909,0.714379729496203,0,0,0,0,0,0
0,-0.453907041529866,-0.568801605720653,0,0,0,-0.704805167507627,0.709400927441278,0,0,0,0,0,0
0,-0.456066062138768,-0.574975424090331,0,0,0,-0.709934045251665,0.704268167243563,0,0,0,0,0,0
0,-0.458319091127696,-0.581115529630446,0,0,0,-0.715177289580371,0.69894309100847,0,0,0,0,0,0
0,-0.460703666976557,-0.587213612371208,0,0,0,-0.720527746141338,0.69342610784458,0,0,0,0,0,0
0,-0.463265465275149,-0.593249284879591,0,0,0,-0.725981118504351,0.68771463236954,0,0,0,0,0,0
0,-0.465952303429521,-0.599234629893075,0,0,0,-0.731568589030067,0.681767848717257,0,0,0,0,0,0
0,-0.468771770893681,-0.605168756387017,0,0,0,-0.737258314528699,0.675610966206368,0,0,0,0,0,0
0,-0.471707137162631,-0.611046629715126,0,0,0,-0.743066222092945,0.669217893951229,0,0,0,0,0,0
0,-0.474680406501367,-0.616913772479611,0,0,0,-0.74880381496563,0.662791706867941,0,0,0,0,0,0
0,-0.477646264606158,-0.622781811627437,0,0,0,-0.754322633302459,0.656503895561667,0,0,0,0,0,0
0,-0.480623350444147,-0.628650529477515,0,0,0,-0.759600113649936,0.65039039610299,0,0,0,0,0,0
0,-0.483506060163641,-0.634567944119743,0,0,0,-0.764739743427516,0.64433929324729,0,0,0,0,0,0
0,-0.486338276649985,-0.640496976222029,0,0,0,-0.769915901682917,0.638145363013617,0,0,0,0,0,0
0,-0.489318306208038,-0.646354961354509,0,0,0,-0.775160919743072,0.631763839186032,0,0,0,0,0,0
0,-0.492437023564108,-0.652156111127455,0,0,0,-0.78048767682577,0.625171165620354,0,0,0,0,0,0
0,-0.495588282562886,-0.657952187341974,0,0,0,-0.785721135023398,0.618580874241633,0,0,0,0,0,0
0,-0.498762893936488,-0.663726715432478,0,0,0,-0.790744727069414,0.612146041898433,0,0,0,0,0,0
0,-0.501856769522434,-0.669614026934984,0,0,0,-0.795623178806102,0.605791843248549,0,0,0,0,0,0
0,-0.504689170906889,-0.675578225949349,0,0,0,-0.800353597214618,0.599528247395918,0,0,0,0,0,0
0,-0.507360588376065,-0.681587556098187,0,0,0,-0.805156217012763,0.593062784370843,0,0,0,0,0,0
0,-0.510205029558216,-0.68752441993366,0,0,0,-0.810041636524233,0.586372362153216,0,0,0,0,0,0
0,-0.51312363556418,-0.693423501521399,0,0,0,-0.814975420982647,0.579495524740404,0,0,0,0,0,0
0,-0.516056162492419,-0.699313215967911,0,0,0,-0.819702205607525,0.572789921456514,0,0,0,0,0,0
0,-0.519044305585919,-0.705177388190044,0,0,0,-0.824206582610694,0.566289245157632,0,0,0,0,0,0
0,-0.522014009734117,-0.71104733457021,0,0,0,-0.82851977571282,0.559959803247322,0,0,0,0,0,0
0,-0.524944432104978,-0.716938532266394,0,0,0,-0.83266684286843,0.553774257967561,0,0,0,0,0,0
0,-0.527910034372903,-0.722811370072537,0,0,0,-0.836850927634421,0.547430840305339,0,0,0,0,0,0
0,-0.531016880291755,-0.72861666935202,0,0,0,-0.84113672131298,0.54082253656708,0,0,0,0,0,0
0,-0.53419006254387,-0.734391976039242,0,0,0,-0.845389034897173,0.534151083192411,0,0,0,0,0,0
0,-0.537393845758835,-0.740147964743982,0,0,0,-0.849439757801997,0.527685605133669,0,0,0,0,0,0
0,-0.54064844162148,-0.745876423118415,0,0,0,-0.853301147650324,0.521418403413843,0,0,0,0,0,0
0,-0.543876681511496,-0.751618825992931,0,0,0,-0.856977683981919,0.515353518622883,0,0,0,0,0,0
0,-0.547030822499514,-0.757398745287579,0,0,0,-0.860560772221228,0.509347776390557,0,0,0,0,0,0
0,-0.55020712312898,-0.7631723028594,0,0,0,-0.864207846756898,0.503134969569603,0,0,0,0,0,0
0,-0.553512914736674,-0.768885102351159,0,0,0,-0.867856467801057,0.496815007116202,0,0,0,0,0,0
0,-0.556927567506207,-0.774538960685933,0,0,0,-0.871333024319782,0.490692124177414,0,0,0,0,0,0
0,-0.560354761213903,-0.780174570615838,0,0,0,-0.87463671273766,0.484778940065943,0,0,0,0,0,0
0,-0.5638068961656,-0.785804013497727,0,0,0,-0.877779902670697,0.479064131894074,0,0,0,0,0,0
0,-0.567289210336752,-0.791419033333784,0,0,0,-0.880770974669723,0.473542490363162,0,0,0,0,0,0
0,-0.570732042548603,-0.797060575675384,0,0,0,-0.883602658025136,0.468237485397008,0,0,0,0,0,0
0,-0.574168473506649,-0.802700862154546,0,0,0,-0.886281198773116,0.463147532327754,0,0,0,0,0,0
0,-0.577683458861633,-0.808296418118223,0,0,0,-0.889014067488684,0.457879883601831,0,0,0,0,0,0
0,-0.581280388955688,-0.813843384300841,0,0,0,-0.891762402505876,0.452503941946309,0,0,0,0,0,0
0,-0.584929803273858,-0.819357603861999,0,0,0,-0.894356037086774,0.447355875032888,0,0,0,0,0,0
0,-0.588614082298157,-0.824847710768041,0,0,0,-0.896786895693892,0.442462725787962,0,0,0,0,0,0
0,-0.592332125977443,-0.830315906511736,0,0,0,-0.899073034777312,0.437798673063674,0,0,0,0,0,0
0,-0.596045366371249,-0.835783770676741,0,0,0,-0.901221156531649,0.433359466286082,0,0,0,0,0,0
0,-0.599719960520551,-0.841269839244179,0,0,0,-0.903240211792788,0.429135316421895,0,0,0,0,0,0
0,-0.603371704736488,-0.846765139768145,0,0,0,-0.905169434600255,0.425050931848709,0,0,0,0,0,0
0,-0.607062828205123,-0.852235995046078,0,0,0,-0.907139824828317,0.420829345709695,0,0,0,0,0,0
0,-0.610953433690886,-0.857579322087203,0,0,0,-0.90920545062605,0.416347749545834,0,0,0,0,0,0
0,-0.614923058592007,-0.862858914507801,0,0,0,-0.911318104959241,0.41170294093375,0,0,0,0,0,0
0,-0.618915492580599,-0.868125262243767,0,0,0,-0.913304157394357,0.407278180223523,0,0,0,0,0,0
0,-0.622961074803635,-0.873362925115398,0,0,0,-0.915150588495035,0.403112143673682,0,0,0,0,0,0
0,-0.627014439923454,-0.878600737390901,0,0,0,-0.916888076553,0.399144403787575,0,0,0,0,0,0
0,-0.631045021493781,-0.883849568083984,0,0,0,-0.918493006425436,0.395437222764327,0,0,0,0,0,0
0,-0.63500319937124,-0.889137949609065,0,0,0,-0.920032550434886,0.391841940251779,0,0,0,0,0,0
0,-0.638978487635334,-0.894420399465087,0,0,0,-0.921615969888121,0.388103084305159,0,0,0,0,0,0
0,-0.643093667216944,-0.899598847176774,0,0,0,-0.923285822733866,0.384113641437855,0,0,0,0,0,0
0,-0.647332049667527,-0.904683883846469,0,0,0,-0.925049925398075,0.379845541662681,0,0,0,0,0,0
0,-0.651624615896538,-0.909709279708781,0,0,0,-0.926903187244388,0.375300521550658,0,0,0,0,0,0
0,-0.656002784302241,-0.914667652384812,0,0,0,-0.92877869825997,0.37063476585247,0,0,0,0,0,0
0,-0.660410991778712,-0.919590908340601,0,0,0,-0.930554963160152,0.366152236833272,0,0,0,0,0,0
0,-0.664810861201341,-0.92452620410595,0,0,0,-0.932206362811023,0.361927198666587,0,0,0,0,0,0
0,-0.669168198406693,-0.92948777417726,0,0,0,-0.933744852679228,0.357939310631073,0,0,0,0,0,0
0,-0.673494624828175,-0.934486397836385,0,0,0,-0.935199507367513,0.354121280664634,0,0,0,0,0,0
0,-0.677819239754675,-0.939493868657697,0,0,0,-0.93668933216467,0.350161527025607,0,0,0,0,0,0
0,-0.682324282996749,-0.944346189234825,0,0,0,-0.938236052016974,0.345995824679436,0,0,0,0,0,0
0,-0.687009981408008,-0.94903208192737,0,0,0,-0.939864848915578,0.341546579214166,0,0,0,0,0,0
0,-0.691734690909014,-0.95367506859444,0,0,0,-0.941523379663648,0.336947659951426,0,0,0,0,0,0
0,-0.696492461591797,-0.95828501754815,0,0,0,-0.943068516310036,0.332598517051395,0,0,0,0,0,0
0,-0.701268030812132,-0.96287192047222,0,0,0,-0.944510165660325,0.328482186677308,0,0,0,0,0,0
0,-0.706019902910293,-0.96746750885741,0,0,0,-0.945862690281208,0.324567051830583,0,0,0,0,0,0
0,-0.710746162146242,-0.972079554285724,0,0,0,-0.947158312294356,0.320766474949778,0,0,0,0,0,0
0,-0.715438692455322,-0.976729053461206,0,0,0,-0.948493256523235,0.31679732058518,0,0,0,0,0,0
0,-0.720256187938709,-0.981267383928346,0,0,0,-0.949880644900011,0.312612796354114,0,0,0,0,0,0
0,-0.725212406404862,-0.985667822784999,0,0,0,-0.951325677616056,0.308187370131145,0,0,0,0,0,0
0,-0.730233813079859,-0.989988340419538,0,0,0,-0.952837389019598,0.303481317524352,0,0,0,0,0,0
0,-0.735321755467641,-0.994233574103306,0,0,0,-0.954375652120453,0.298608631220968,0,0,0,0,0,0
0,-0.740456004231653,-0.998427282687693,0,0,0,-0.955828656865288,0.293924443888391,0,0,0,0,0,0
0,-0.745578076904897,-1.00262533793469,0,0,0,-0.957186363014345,0.289472393259479,0,0,0,0,0,0
0,-0.750664402658356,-1.00686323047421,0,0,0,-0.958448741532199,0.285264806548834,0,0,0,0,0,0
0,-0.755698916276008,-1.01114376375042,0,0,0,-0.959687530969337,0.281069106986126,0,0,0,0,0,0
0,-0.760737884526761,-1.015421555262,0,0,0,-0.96096192155447,0.276680655851364,0,0,0,0,0,0
0,-0.765948084796477,-1.01950913672263,0,0,0,-0.962274546581427,0.272080313513325,0,0,0,0,0,0
0,-0.771323323479946,-1.02339784593563,0,0,0,-0.963622465578653,0.26726717687011,0,0,0,0,0,0
0,-0.776742298082428,-1.02721412377422,0,0,0,-0.96499794815115,0.262257430903434,0,0,0,0,0,0
0,-0.782189866486351,-1.03098960724467,0,0,0,-0.966284318313539,0.257477409069883,0,0,0,0,0,0
0,-0.787659925678167,-1.03473619083701,0,0,0,-0.96748132756359,0.252942445658679,0,0,0,0,0,0
0,-0.79309580343063,-1.03851758746179,0,0,0,-0.968601274498602,0.248619329577739,0,0,0,0,0,0
0,-0.798490567480943,-1.04235780770255,0,0,0,-0.96965874313354,0.244462516277413,0,0,0,0,0,0
0,-0.803876838402616,-1.04619911325674,0,0,0,-0.970741501681633,0.240126918342964,0,0,0,0,0,0
0,-0.809413627006559,-1.04983077586364,0,0,0,-0.971876315823217,0.235491882539273,0,0,0,0,0,0
0,-0.815049447007002,-1.05331596717058,0,0,0,-0.973041304884221,0.230630915076909,0,0,0,0,0,0
0,-0.82078014898353,-1.05664867413152,0,0,0,-0.974210633621193,0.225640513515177,0,0,0,0,0,0
0,-0.826548711277563,-1.05991587208607,0,0,0,-0.975293446226581,0.220913317270549,0,0,0,0,0,0
0,-0.832323195471331,-1.06318553421022,0,0,0,-0.97629569197409,0.216441035464241,0,0,0,0,0,0
0,-0.838077623844928,-1.06647512178648,0,0,0,-0.977221154812909,0.212223501493412,0,0,0,0,0,0
0,-0.843810365798414,-1.06977948901378,0,0,0,-0.978104742510033,0.208113220818338,0,0,0,0,0,0
0,-0.849516420025973,-1.07314371573325,0,0,0,-0.979005539927617,0.203833639988679,0,0,0,0,0,0
0,-0.855325641737696,-1.07634262391724,0,0,0,-0.979927643234927,0.199353490122548,0,0,0,0,0,0
0,-0.861246951934405,-1.07932166166635,0,0,0,-0.980887061715134,0.194577933383648,0,0,0,0,0,0
0,-0.867247760130349,-1.08214120689733,0,0,0,-0.981870008104686,0.189555498956122,0,0,0,0,0,0
0,-0.87330825038785,-1.08484056888092,0,0,0,-0.982822942884208,0.184550976536092,0,0,0,0,0,0
0,-0.87935894794522,-1.08754615454225,0,0,0,-0.983703818804746,0.179796542983893,0,0,0,0,0,0
0,-0.885412569101349,-1.09025924024207,0,0,0,-0.98451383367026,0.175306906058739,0,0,0,0,0,0
0,-0.89145026135141,-1.09302124789451,0,0,0,-0.985285119003676,0.170918794372974,0,0,0,0,0,0
0,-0.897446620228928,-1.09584279740611,0,0,0,-0.98606147127316,0.166381413837637,0,0,0,0,0,0
0,-0.903552741802813,-1.0984694488389,0,0,0,-0.986846267165189,0.161661513608316,0,0,0,0,0,0
0,-0.909747088100572,-1.10084298089352,0,0,0,-0.987656008907724,0.156638462928061,0,0,0,0,0,0
0,-0.916002559593912,-1.10307016934027,0,0,0,-0.988492794522678,0.151267958195867,0,0,0,0,0,0
0,-0.922325446809122,-1.10512212869539,0,0,0,-0.989329657770922,0.145694297262691,0,0,0,0,0,0
0,-0.928645103973921,-1.10714108246277,0,0,0,-0.990104542600244,0.140331730988974,0,0,0,0,0,0
0,-0.934980844894881,-1.10920077758497,0,0,0,-0.990807683207871,0.135277991174656,0,0,0,0,0,0
0,-0.941233068348994,-1.11133863735309,0,0,0,-0.991464738416474,0.130375122154315,0,0,0,0,0,0
0,-0.947510500099446,-1.1135740373681,0,0,0,-0.992122881212449,0.125268466002855,0,0,0,0,0,0
0,-0.953835655332003,-1.1155159579774,0,0,0,-0.99278313606305,0.119923495399427,0,0,0,0,0,0
0,-0.960284543559797,-1.11713986278547,0,0,0,-0.993442028717676,0.114336938813791,0,0,0,0,0,0
0,-0.966769374399114,-1.11855610474674,0,0,0,-0.994100236537937,0.108465292675664,0,0,0,0,0,0
0,-0.973277502712394,-1.11987001251143,0,0,0,-0.994744869544284,0.102384786542368,0,0,0,0,0,0
0,-0.979829167918391,-1.12113179647882,0,0,0,-0.995331172222633,0.096518690427916,0,0,0,0,0,0
0,-0.986325692863276,-1.12247855840678,0,0,0,-0.995855723521196,0.090947116117423,0,0,0,0,0,0
0,-0.992791683053184,-1.12398661620091,0,0,0,-0.996342433364959,0.085450309984174,0,0,0,0,0,0
0,-0.999230594132824,-1.1254648152603,0,0,0,-0.996815840229662,0.079738200802581,0,0,0,0,0,0
0,-1.00582023150054,-1.12660107544804,0,0,0,-0.997271644841159,0.073819146539426,0,0,0,0,0,0
0,-1.01241536666649,-1.12731197972471,0,0,0,-0.997708235751147,0.067662961170298,0,0,0,0,0,0
0,-1.019040722941,-1.12788708757647,0,0,0,-0.998126269251576,0.061187830733979,0,0,0,0,0,0
0,-1.02563517134583,-1.12841038254033,0,0,0,-0.998509429799631,0.054579470510589,0,0,0,0,0,0
0,-1.03226875905378,-1.12886826037961,0,0,0,-0.998837315779748,0.048208055404759,0,0,0,0,0,0
0,-1.03889107359966,-1.1294058561341,0,0,0,-0.999114295125496,0.042078798413011,0,0,0,0,0,0
0,-1.04549535022366,-1.129960515621,0,0,0,-0.999345431526208,0.036176076178852,0,0,0,0,0,0
0,-1.05213222115948,-1.13028076804859,0,0,0,-0.999546887173074,0.0301001718038,0,0,0,0,0,0
0,-1.05878362785753,-1.13030626688468,0,0,0,-0.999717683182926,0.023760343670956,0,0,0,0,0,0
0,-1.06541712230984,-1.13013648977842,0,0,0,-0.999852577992817,0.017170389661206,0,0,0,0,0,0
0,-1.07205905023987,-1.12976216845633,0,0,0,-0.999945769557479,0.010414314384609,0,0,0,0,0,0
0,-1.07868665565334,-1.12933337474856,0,0,0,-0.999992479772737,0.003878195195308,0,0,0,0,0,0
0,-1.08532601029461,-1.12894974160849,0,0,0,0.999997091424806,0.002411875188988,0,0,0,0,0,0
0,-1.09197066309691,-1.12863230576719,0,0,0,0.999962714605981,0.008635357423793,0,0,0,0,0,0
0,-1.09859847267246,-1.12843309678369,0,0,0,0.999885634117822,0.015123448178311,0,0,0,0,0,0
0,-1.1052170241655,-1.12787822271837,0,0,0,0.999762212797066,0.021806372075915,0,0,0,0,0,0
0,-1.11180238330738,-1.12701949217219,0,0,0,0.999586049680288,0.02877028474933,0,0,0,0,0,0
0,-1.11833747202062,-1.12588764773879,0,0,0,0.999352864073761,0.035970169134595,0,0,0,0,0,0
0,-1.12490641869457,-1.12462139320499,0,0,0,0.999062851381259,0.043283010407637,0,0,0,0,0,0
0,-1.13139714439842,-1.12331656638092,0,0,0,0.998729275058186,0.050396777096855,0,0,0,0,0,0
0,-1.13794846054669,-1.12213505915458,0,0,0,0.998358198641048,0.057279203959216,0,0,0,0,0,0
0,-1.14443128193384,-1.12091575127816,0,0,0,0.997946614685317,0.064051184517664,0,0,0,0,0,0
0,-1.15097143349862,-1.11978302012101,0,0,0,0.997468926994975,0.071103724793389,0,0,0,0,0,0
0,-1.15746046312413,-1.11822325201685,0,0,0,0.996948163379527,0.078066379025727,0,0,0,0,0,0
0,-1.16371982930626,-1.11638458271156,0,0,0,0.996347588424474,0.085390181172861,0,0,0,0,0,0
0,-1.17010105591796,-1.11443976611825,0,0,0,0.995666462849832,0.092996208288853,0,0,0,0,0,0
0,-1.17638428544214,-1.1122361220902,0,0,0,0.994900501676915,0.100861250056815,0,0,0,0,0,0
0,-1.18269249183912,-1.11014797742885,0,0,0,0.994090789109318,0.108551844793229,0,0,0,0,0,0
0,-1.18900778671673,-1.10810609939155,0,0,0,0.993256480729929,0.115937756956035,0,0,0,0,0,0
0,-1.19532006233673,-1.10603085707669,0,0,0,0.992387436025301,0.123155092542411,0,0,0,0,0,0
0,-1.20157342605722,-1.10381318112782,0,0,0,0.991439448399,0.130567301259872,0,0,0,0,0,0
0,-1.20773956508419,-1.10133371252316,0,0,0,0.990398439634335,0.138242290091975,0,0,0,0,0,0
0,-1.21383587267669,-1.09867244816138,0,0,0,0.989255630686253,0.146196091450982,0,0,0,0,0,0
0,-1.21986507415693,-1.09589089314162,0,0,0,0.988055952954411,0.154095534754744,0,0,0,0,0,0
0,-1.22585749662255,-1.09299659023096,0,0,0,0.986833288716817,0.161740719302069,0,0,0,0,0,0
0,-1.23186181288921,-1.09014944196535,0,0,0,0.985590550158042,0.169148654854738,0,0,0,0,0,0
0,-1.23787923276134,-1.08733504821098,0,0,0,0.984341295797684,0.176273121568026,0,0,0,0,0,0
0,-1.24390260513739,-1.08452992065829,0,0,0,0.983071784549632,0.183220813289327,0,0,0,0,0,0
0,-1.24984885372653,-1.08159034665859,0,0,0,0.981710147187118,0.190381687433029,0,0,0,0,0,0
0,-1.2556974839227,-1.07843184154897,0,0,0,0.980248417586014,0.197770169186649,0,0,0,0,0,0
0,-1.26143435027983,-1.07508479918449,0,0,0,0.978673711349338,0.20542095003605,0,0,0,0,0,0
0,-1.26711490740793,-1.07163636099439,0,0,0,0.976993137166393,0.213270743257882,0,0,0,0,0,0
0,-1.27276000082337,-1.06812722915863,0,0,0,0.975291162093962,0.220923401072427,0,0,0,0,0,0
0,-1.27842272423634,-1.06465420451366,0,0,0,0.973587242700653,0.228315310153612,0,0,0,0,0,0
0,-1.28409584564629,-1.06119821132951,0,0,0,0.971860368869115,0.235557685974343,0,0,0,0,0,0
0,-1.28980413321901,-1.0578085003535,0,0,0,0.970023256388806,0.243012102712717,0,0,0,0,0,0
0,-1.29539734786709,-1.05424309202387,0,0,0,0.968064553182254,0.250701058777268,0,0,0,0,0,0
0,-1.30085493041757,-1.05044705031602,0,0,0,0.965992520485952,0.258570010568119,0,0,0,0,0,0
0,-1.30622816721526,-1.04653897112378,0,0,0,0.963849872845083,0.266445909363452,0,0,0,0,0,0
0,-1.31152237649178,-1.04252533574538,0,0,0,0.961658753708609,0.274248867665128,0,0,0,0,0,0
0,-1.31675917869972,-1.03843220060234,0,0,0,0.959469051401303,0.281814015625702,0,0,0,0,0,0
0,-1.32200226928476,-1.03435086298665,0,0,0,0.957290696419371,0.289127173660512,0,0,0,0,0,0
0,-1.32727960113437,-1.03031729887282,0,0,0,0.955131057237447,0.296183496333737,0,0,0,0,0,0
0,-1.33256231087475,-1.02629803435939,0,0,0,0.95295709858209,0.303105209889246,0,0,0,0,0,0
0,-1.33775077707709,-1.02216155142836,0,0,0,0.950658732618856,0.310238576091871,0,0,0,0,0,0
0,-1.34281172991064,-1.01784321935393,0,0,0,0.948226386227691,0.317595214796403,0,0,0,0,0,0
0,-1.34779138280865,-1.01342353625427,0,0,0,0.94564995149236,0.325186360787927,0,0,0,0,0,0
0,-1.35269596291996,-1.00892405083635,0,0,0,0.942984003167461,0.332838053368706,0,0,0,0,0,0
0,-1.35754763765228,-1.00436912633837,0,0,0,0.940337440368199,0.340243292721229,0,0,0,0,0,0
0,-1.36238109624318,-0.999796828907008,0,0,0,0.937719457321677,0.347393464763429,0,0,0,0,0,0
0,-1.367252575691,-0.995273924616564,0,0,0,0.935134285083052,0.3542934784359,0,0,0,0,0,0
0,-1.37216164363425,-0.990799690245789,0,0,0,0.932560600230487,0.361013471906179,0,0,0,0,0,0
0,-1.37708364748526,-0.986343902365427,0,0,0,0.929873086217962,0.367880474512418,0,0,0,0,0,0
0,-1.3818258653749,-0.981683353725991,0,0,0,0.927057980530641,0.374917992012187,0,0,0,0,0,0
0,-1.38635928720346,-0.97681188540365,0,0,0,0.924077339180322,0.382205535299289,0,0,0,0,0,0
0,-1.39083674143502,-0.971892696472287,0,0,0,0.92097104580657,0.389631021334226,0,0,0,0,0,0
0,-1.39528397575499,-0.966950563777396,0,0,0,0.91791287482435,0.39678199837152,0,0,0,0,0,0
0,-1.3996899623474,-0.961971556199365,0,0,0,0.914894265808159,0.403693550098772,0,0,0,0,0,0
0,-1.40413008708542,-0.957028329826176,0,0,0,0.911919673485148,0.410368747726653,0,0,0,0,0,0
0,-1.40862243235269,-0.952137224808879,0,0,0,0.908964566714384,0.416873381805232,0,0,0,0,0,0
0,-1.41311722664593,-0.947252519372023,0,0,0,0.905881814504201,0.423530563419663,0,0,0,0,0,0
0,-1.41749663087402,-0.94224570433787,0,0,0,0.90266277121469,0.430348604578911,0,0,0,0,0,0
0,-1.42174768958394,-0.937126386438226,0,0,0,0.899285598609762,0.437361877777523,0,0,0,0,0,0
0,-1.42590853238877,-0.931928089989583,0,0,0,0.895805700688906,0.444445887159796,0,0,0,0,0,0
0,-1.42998225898138,-0.926665741230542,0,0,0,0.892391915779771,0.451261197812209,0,0,0,0,0,0
0,-1.43401108316854,-0.921368603899298,0,0,0,0.889038402922223,0.457832631132277,0,0,0,0,0,0
0,-1.43803410186256,-0.916075810341021,0,0,0,0.885758264172809,0.464146849013943,0,0,0,0,0,0
0,-1.44209507829202,-0.910812406141199,0,0,0,0.882550837666318,0.470216991328983,0,0,0,0,0,0
0,-1.44621473053614,-0.905608021724805,0,0,0,0.879307914129123,0.476253705654761,0,0,0,0,0,0
0,-1.45031791042915,-0.900385956191736,0,0,0,0.875931613580577,0.482435289266993,0,0,0,0,0,0
0,-1.45418362741182,-0.894970940407397,0,0,0,0.872406182484286,0.488781600270708,0,0,0,0,0,0
0,-1.4579242654363,-0.889477914562001,0,0,0,0.868696327105317,0.495345022457814,0,0,0,0,0,0
0,-1.46164223915057,-0.883967813552541,0,0,0,0.865050268657298,0.501685192821093,0,0,0,0,0,0
0,-1.46531778118853,-0.878433011078752,0,0,0,0.861506525985572,0.507746497461351,0,0,0,0,0,0
0,-1.46897686396775,-0.872887528965752,0,0,0,0.858047975882612,0.513569538703136,0,0,0,0,0,0
0,-1.47267980440084,-0.867374860047968,0,0,0,0.854690716367168,0.519137534142713,0,0,0,0,0,0
0,-1.47641003968973,-0.861890351761893,0,0,0,0.851394518343346,0.524525856497943,0,0,0,0,0,0
0,-1.48015708537226,-0.856413345396535,0,0,0,0.847972072873433,0.530040907503122,0,0,0,0,0,0
0,-1.48376759015237,-0.85083454566361,0,0,0,0.844354698140404,0.535784605721578,0,0,0,0,0,0
0,-1.48726049607237,-0.845161188438413,0,0,0,0.840561852652865,0.541715582076779,0,0,0,0,0,0
0,-1.4906715707455,-0.839448995613589,0,0,0,0.836881322185918,0.54738437370494,0,0,0,0,0,0
0,-1.49400024753878,-0.833688881677219,0,0,0,0.833313954705948,0.552800011660938,0,0,0,0,0,0
0,-1.49732826923873,-0.827929673400846,0,0,0,0.829866100352723,0.557962593267114,0,0,0,0,0,0
0,-1.50068775216985,-0.822183352628941,0,0,0,0.826535851281352,0.562884079137624,0,0,0,0,0,0
0,-1.50404317545298,-0.816444690984953,0,0,0,0.823338274068607,0.567550954940371,0,0,0,0,0,0
0,-1.50744520091392,-0.810750319123034,0,0,0,0.820152886722361,0.572144424425318,0,0,0,0,0,0
0,-1.51085519067157,-0.805060825910896,0,0,0,0.816909016960929,0.576766554168954,0,0,0,0,0,0
0,-1.51406548634297,-0.79924621555279,0,0,0,0.81367977744758,0.581313357641863,0,0,0,0,0,0
0,-1.51720202273892,-0.793397425461256,0,0,0,0.810573910649121,0.58563635079714,0,0,0,0,0,0
0,-1.52031981029125,-0.787536664607632,0,0,0,0.807605179946752,0.589723556696842,0,0,0,0,0,0
0,-1.52339151361239,-0.78164955641873,0,0,0,0.804787324042524,0.593563276374535,0,0,0,0,0,0
0,-1.52644716271376,-0.775758194847618,0,0,0,0.802097582609135,0.597192990558816,0,0,0,0,0,0
0,-1.52955223242187,-0.769887747111566,0,0,0,0.799582544923968,0.600556203741924,0,0,0,0,0,0
0,-1.53272816202719,-0.764055726072336,0,0,0,0.797130193298153,0.603807465118186,0,0,0,0,0,0
0,-1.53588305399334,-0.758196816962368,0,0,0,0.794510453625845,0.607250474746008,0,0,0,0,0,0
0,-1.53892223810768,-0.752279869400199,0,0,0,0.79180505970438,0.610773892227347,0,0,0,0,0,0
0,-1.54189405354121,-0.746333623761636,0,0,0,0.789236390311294,0.614089505046616,0,0,0,0,0,0
0,-1.54480631661725,-0.740357731400859,0,0,0,0.78685362772526,0.617139666960079,0,0,0,0,0,0
0,-1.54764380989773,-0.734338661027715,0,0,0,0.784599590937222,0.620002807978435,0,0,0,0,0,0
0,-1.55046532342196,-0.728332561064778,0,0,0,0.782495433422243,0.62265632308147,0,0,0,0,0,0
0,-1.55331493407559,-0.722339041626941,0,0,0,0.780566071664566,0.625073281916726,0,0,0,0,0,0
0,-1.5561706952073,-0.716347961380018,0,0,0,0.778810851183855,0.627258844559627,0,0,0,0,0,0
0,-1.55904688920078,-0.710366008490242,0,0,0,0.777175056019333,0.62928446055925,0,0,0,0,0,0
0,-1.56186800762561,-0.704358345925224,0,0,0,0.775494411342987,0.631354431342486,0,0,0,0,0,0
0,-1.56461171648194,-0.698303501296,0,0,0,0.773935132796888,0.633264881564313,0,0,0,0,0,0
0,-1.56731185496517,-0.692224186126449,0,0,0,0.772522497318973,0.634987394470203,0,0,0,0,0,0
0,-1.56997565812634,-0.686132271209761,0,0,0,0.77129647829839,0.636476034556291,0,0,0,0,0,0
0,-1.57259817973114,-0.680008613934488,0,0,0,0.77019952643767,0.637803017768957,0,0,0,0,0,0
0,-1.57523879817268,-0.673890624048396,0,0,0,0.769283603171617,0.638907456437389,0,0,0,0,0,0
0,-1.57789368992878,-0.667787382324734,0,0,0,0.768544659086656,0.63979614486911,0,0,0,0,0,0
0,-1.58056961592403,-0.661704059824569,0,0,0,0.767860919183339,0.640616584854715,0,0,0,0,0,0
0,-1.58325606026755,-0.655633040226795,0,0,0,0.767137964437814,0.64148214590759,0,0,0,0,0,0
0,-1.58582756944852,-0.649519279885016,0,0,0,0.766485767248649,0.642261293092811,0,0,0,0,0,0
0,-1.58834327483101,-0.643381167781654,0,0,0,0.765992564969605,0.642849430591087,0,0,0,0,0,0
0,-1.59085977388443,-0.637236243509931,0,0,0,0.7656846268069,0.643216178490232,0,0,0,0,0,0
0,-1.59334167035312,-0.631087784973473,0,0,0,0.765545839254462,0.643381355029956,0,0,0,0,0,0
0,-1.59581961133098,-0.624918623688895,0,0,0,0.76557670804308,0.643344623123502,0,0,0,0,0,0
0,-1.5983183122888,-0.618755023621411,0,0,0,0.765761087319546,0.643125148899641,0,0,0,0,0,0
0,-1.60084210552637,-0.612595200851048,0,0,0,0.766010653429208,0.642827876521358,0,0,0,0,0,0
0,-1.60336700661512,-0.606442414367703,0,0,0,0.766091185568919,0.642731900090239,0,0,0,0,0,0
0,-1.60581273083587,-0.600258679207093,0,0,0,0.766109062403013,0.642710591560445,0,0,0,0,0,0
0,-1.60818785373609,-0.594051817866301,0,0,0,0.766259746260052,0.642530934089154,0,0,0,0,0,0
0,-1.61055185382467,-0.58784997742371,0,0,0,0.766585027722461,0.642142815323627,0,0,0,0,0,0
0,-1.61290349911349,-0.581642586882035,0,0,0,0.767101164691627,0.641526151554829,0,0,0,0,0,0
0,-1.61526205856162,-0.575442638596037,0,0,0,0.767810056885597,0.640677544904874,0,0,0,0,0,0
0,-1.61764786557632,-0.569247398440041,0,0,0,0.76872586887729,0.639578406857874,0,0,0,0,0,0
0,-1.6200511163341,-0.563067893257818,0,0,0,0.769770091728537,0.638321240348651,0,0,0,0,0,0
0,-1.62244890691839,-0.556885547968701,0,0,0,0.770671380409876,0.637232785893143,0,0,0,0,0,0
0,-1.62478227374131,-0.550671036076051,0,0,0,0.77140099085101,0.636349362625657,0,0,0,0,0,0
0,-1.6270778021535,-0.544438440641879,0,0,0,0.771988640114826,0.635636326474235,0,0,0,0,0,0
0,-1.62935937202883,-0.538192275253772,0,0,0,0.77271813201093,0.634749311509307,0,0,0,0,0,0
0,-1.63163593461826,-0.531945871644609,0,0,0,0.773628132952555,0.633639891345504,0,0,0,0,0,0
0,-1.63391206860047,-0.525698523200933,0,0,0,0.774714745271291,0.632310891460236,0,0,0,0,0,0
0,-1.63617358526497,-0.51945604602434,0,0,0,0.775940050382157,0.630806656760164,0,0,0,0,0,0
0,-1.63844684504756,-0.513219535196342,0,0,0,0.777251781449719,0.629189691772869,0,0,0,0,0,0
0,-1.64073823376924,-0.506996889814683,0,0,0,0.778433062310247,0.627727622064133,0,0,0,0,0,0
0,-1.64300968226537,-0.500761743928143,0,0,0,0.779451406384015,0.626462692493321,0,0,0,0,0,0
0,-1.64525278285789,-0.494514565222405,0,0,0,0.780319446655153,0.625381132727711,0,0,0,0,0,0
0,-1.6474904666273,-0.488269239909767,0,0,0,0.781199896146163,0.624280964198992,0,0,0,0,0,0
0,-1.64972439883207,-0.482021742793747,0,0,0,0.782214435310133,0.623009291417431,0,0,0,0,0,0
0,-1.65196175637227,-0.475775827510784,0,0,0,0.783395215790314,0.62152388198431,0,0,0,0,0,0
0,-1.65420507190659,-0.469531521304663,0,0,0,0.784743229788775,0.619820992949321,0,0,0,0,0,0
0,-1.65645230514916,-0.463286586400856,0,0,0,0.786187190886878,0.617988431028768,0,0,0,0,0,0
0,-1.65870080799382,-0.457038518705414,0,0,0,0.78747105197523,0.616351638515729,0,0,0,0,0,0
0,-1.66092481738,-0.450782772756096,0,0,0,0.788555524769614,0.61496356343715,0,0,0,0,0,0
0,-1.66312924660453,-0.444524186203892,0,0,0,0.789453994789291,0.613809734454603,0,0,0,0,0,0
0,-1.66532094831675,-0.438256496736832,0,0,0,0.790180912422053,0.612873662057566,0,0,0,0,0,0
0,-1.66750273028115,-0.431992711043861,0,0,0,0.790938305547196,0.611895903580118,0,0,0,0,0,0
0,-1.66957332928721,-0.425677805979192,0,0,0,0.791792975231126,0.610789558174206,0,0,0,0,0,0
0,-1.67130760752151,-0.419266196613554,0,0,0,0.792523617431572,0.609841221805459,0,0,0,0,0,0
0,-1.67272211590016,-0.412762585214489,0,0,0,0.79309557874788,0.609097203220114,0,0,0,0,0,0
0,-1.67406264153044,-0.40623262265809,0,0,0,0.793468932088623,0.608610757225125,0,0,0,0,0,0
0,-1.67542591858687,-0.399714977592742,0,0,0,0.793717363395834,0.608286730945173,0,0,0,0,0,0
0,-1.67679372357485,-0.393199259135463,0,0,0,0.793937165117997,0.607999817306221,0,0,0,0,0,0
0,-1.67816809875601,-0.386676357204901,0,0,0,0.794152993464291,0.607717881069585,0,0,0,0,0,0
0,-1.6795616407845,-0.38016675160673,0,0,0,0.794367874110488,0.607436976633118,0,0,0,0,0,0
0,-1.68096340515769,-0.373654139930407,0,0,0,0.794587878054085,0.607149161285352,0,0,0,0,0,0
0,-1.68237727118434,-0.367149718896638,0,0,0,0.79484996321203,0.606806011820775,0,0,0,0,0,0
0,-1.68381305611854,-0.360653966108112,0,0,0,0.79523759170235,0.606297924079776,0,0,0,0,0,0
0,-1.68525122991894,-0.35415504776794,0,0,0,0.795597769464108,0.605825213426889,0,0,0,0,0,0
0,-1.68671009786371,-0.347667854556552,0,0,0,0.795856403620262,0.605485412554772,0,0,0,0,0,0
0,-1.68818624607678,-0.341182787050865,0,0,0,0.79606787235913,0.605207355042557,0,0,0,0,0,0
0,-1.68967514989968,-0.334698695095361,0,0,0,0.796237785632666,0.604983792122391,0,0,0,0,0,0
0,-1.69118443900651,-0.328219758441298,0,0,0,0.79635063366243,0.604835240594863,0,0,0,0,0,0
0,-1.69269093184376,-0.321746723632294,0,0,0,0.796374886198715,0.604803307391736,0,0,0,0,0,0
0,-1.69419579384278,-0.315274309493304,0,0,0,0.79639922363261,0.604771259731624,0,0,0,0,0,0
0,-1.69571903245447,-0.308805835136928,0,0,0,0.796585576882911,0.604525780014483,0,0,0,0,0,0
0,-1.69727030734686,-0.30234793287505,0,0,0,0.796932068813834,0.604068934556399,0,0,0,0,0,0
0,-1.69884534927243,-0.295893866749499,0,0,0,0.797298271196382,0.603585509060033,0,0,0,0,0,0
0,-1.70043675637393,-0.289444041582769,0,0,0,0.797595883747153,0.603192180179416,0,0,0,0,0,0
0,-1.70202711870925,-0.28299511757377,0,0,0,0.797772745016447,0.602958246737635,0,0,0,0,0,0
0,-1.70361677733306,-0.276554263713884,0,0,0,0.797780099473232,0.602948515948484,0,0,0,0,0,0
0,-1.70521737125592,-0.270112014272125,0,0,0,0.797688399973707,0.603069827256668,0,0,0,0,0,0
0,-1.70681815038785,-0.263667652578335,0,0,0,0.797599297241279,0.603187666518652,0,0,0,0,0,0
0,-1.70841676086744,-0.257228302198072,0,0,0,0.797628962393609,0.603148438073825,0,0,0,0,0,0
0,-1.71006971786765,-0.250801237634993,0,0,0,0.797819661237836,0.60289616696604,0,0,0,0,0,0
0,-1.71174933211094,-0.244379227114501,0,0,0,0.798189197280055,0.602406843707325,0,0,0,0,0,0
0,-1.71344261568965,-0.237968467478501,0,0,0,0.798636323314901,0.601813943907963,0,0,0,0,0,0
0,-1.71515942552095,-0.231562307489103,0,0,0,0.79893929627064,0.601411673377375,0,0,0,0,0,0
0,-1.7168790276491,-0.225155040878921,0,0,0,0.799084853521729,0.601218260594401,0,0,0,0,0,0
0,-1.71859595521838,-0.218746247503449,0,0,0,0.799065673830243,0.601243751656696,0,0,0,0,0,0
0,-1.72031851547731,-0.212343233270468,0,0,0,0.798904999056765,0.601457232463048,0,0,0,0,0,0
0,-1.72206066949402,-0.205944773037659,0,0,0,0.798866747709898,0.601508037688117,0,0,0,0,0,0
0,-1.72384014833452,-0.199554462827951,0,0,0,0.798995973292356,0.601336373972671,0,0,0,0,0,0
0,-1.72564041129574,-0.193175523917514,0,0,0,0.799299718057936,0.600932575845663,0,0,0,0,0,0
0,-1.72746482628639,-0.186799962928195,0,0,0,0.799682436549444,0.600423184657574,0,0,0,0,0,0
0,-1.72931396321782,-0.180433522906506,0,0,0,0.80000657911638,0.599991227744628,0,0,0,0,0,0
0,-1.73116933762379,-0.174067427032926,0,0,0,0.800191179783612,0.599745008980075,0,0,0,0,0,0
0,-1.733009691282,-0.167699778804007,0,0,0,0.800310434943124,0.599585863510095,0,0,0,0,0,0
0,-1.73484810030792,-0.161330418161769,0,0,0,0.800574729219512,0.599232928780707,0,0,0,0,0,0
0,-1.73672102737076,-0.154967758473525,0,0,0,0.800996436757881,0.598669114203479,0,0,0,0,0,0
0,-1.73861907566134,-0.148615053044402,0,0,0,0.801588444068934,0.597876213220717,0,0,0,0,0,0
0,-1.74053980942643,-0.142274309613989,0,0,0,0.802251442777488,0.596986283394717,0,0,0,0,0,0
0,-1.74248092194578,-0.135936624717422,0,0,0,0.802768112887408,0.596291335616399,0,0,0,0,0,0
0,-1.7444278867987,-0.129598568197439,0,0,0,0.803121091948827,0.595815837039367,0,0,0,0,0,0
0,-1.74636916374143,-0.12326201226834,0,0,0,0.803300584888349,0.59557381601111,0,0,0,0,0,0
0,-1.74831402738059,-0.116921655690836,0,0,0,0.803375133604915,0.595473252720292,0,0,0,0,0,0
0,-1.7502537286812,-0.110583515152354,0,0,0,0.803566569368382,0.595214892785394,0,0,0,0,0,0
0,-1.75222914436385,-0.104253157809096,0,0,0,0.803914005436197,0.594745552201553,0,0,0,0,0,0
0,-1.75423506551631,-0.09793294868806,0,0,0,0.804433518525301,0.59404268724815,0,0,0,0,0,0
0,-1.7562647914254,-0.091625799160553,0,0,0,0.805049035873494,0.593208268518871,0,0,0,0,0,0
0,-1.7583305444302,-0.085324063709193,0,0,0,0.805648482465321,0.5923938915125,0,0,0,0,0,0
0,-1.76041074859546,-0.079032532834237,0,0,0,0.806117690153303,0.591755244693194,0,0,0,0,0,0
0,-1.76247401710645,-0.072726086097115,0,0,0,0.806422598927124,0.591339658690014,0,0,0,0,0,0
0,-1.76452618860731,-0.066424747826118,0,0,0,0.806614630174059,0.591077692346078,0,0,0,0,0,0
0,-1.76656762992877,-0.060111367816322,0,0,0,0.806932569769509,0.590643570899723,0,0,0,0,0,0
0,-1.76863313000613,-0.053820849603303,0,0,0,0.807400240369085,0.590004111724607,0,0,0,0,0,0
0,-1.77072968309002,-0.047522804610339,0,0,0,0.808011947219235,0.589166099797824,0,0,0,0,0,0
0,-1.77283875365661,-0.041243581095181,0,0,0,0.808619534912235,0.588331919717364,0,0,0,0,0,0
0,-1.77496168478295,-0.034968808761201,0,0,0,0.809058042703321,0.587728749966402,0,0,0,0,0,0
0,-1.77707974587803,-0.028686618307984,0,0,0,0.809335972078564,0.587345966445369,0,0,0,0,0,0
0,-1.77919872770702,-0.022405764494328,0,0,0,0.809453366272325,0.587184168579501,0,0,0,0,0,0
0,-1.78132292524051,-0.016122657010702,0,0,0,0.809492746277593,0.587129878071249,0,0,0,0,0,0
0,-1.78343050526678,-0.009836117761629,0,0,0,0.809671028020853,0.586883997382493,0,0,0,0,0,0
0,-1.78555635168462,-0.003552516855083,0,0,0,0.810014679045766,0.586409600646496,0,0,0,0,0,0
0,-1.78770823401878,0.002719297603739,0,0,0,0.81044422906727,0.585815800035777,0,0,0,0,0,0
0,-1.78987295745978,0.008984954073514,0,0,0,0.810760744014084,0.585377669514073,0,0,0,0,0,0
0,-1.79203382320949,0.015258141305905,0,0,0,0.810970531899505,0.585086998992998,0,0,0,0,0,0
0,-1.7941928943207,0.021528633209977,0,0,0,0.811085411188231,0.584927735500392,0,0,0,0,0,0
0,-1.79635227962286,0.027804852842956,0,0,0,0.811124661563623,0.584873305428874,0,0,0,0,0,0
0,-1.79850215602831,0.034077579061393,0,0,0,0.811089347027084,0.58492227786192,0,0,0,0,0,0
0,-1.8006455842606,0.040347728455186,0,0,0,0.811197703079142,0.584771995327344,0,0,0,0,0,0
0,-1.80280001292726,0.046623475826505,0,0,0,0.811431229688865,0.584447909984812,0,0,0,0,0,0
0,-1.80495438193281,0.052894157572387,0,0,0,0.811628340372609,0.584174149636907,0,0,0,0,0,0
0,-1.80711704759715,0.059168384918823,0,0,0,0.811773521900671,0.583972387310375,0,0,0,0,0,0
0,-1.80928176330011,0.065438941572365,0,0,0,0.811876368119194,0.583829395362709,0,0,0,0,0,0
0,-1.81144972784828,0.071706183207631,0,0,0,0.811946064007732,0.583732463670088,0,0,0,0,0,0
0,-1.81361901913197,0.077978203591644,0,0,0,0.81196597635351,0.583704765480195,0,0,0,0,0,0
0,-1.81578942710779,0.084247124661364,0,0,0,0.811987463093478,0.583674875062322,0,0,0,0,0,0
0,-1.81796457408985,0.090515332738977,0,0,0,0.812058046491407,0.583576669451889,0,0,0,0,0,0
0,-1.82014034289318,0.096780362438677,0,0,0,0.812133422762491,0.583471767639257,0,0,0,0,0,0
0,-1.82231787753858,0.103050593514874,0,0,0,0.812211150705798,0.583363563028376,0,0,0,0,0,0
0,-1.82449622795341,0.10931616064832,0,0,0,0.812284758211777,0.583261066398944,0,0,0,0,0,0
0,-1.82667104093659,0.115586829716872,0,0,0,0.812351318162698,0.583168359806434,0,0,0,0,0,0
0,-1.82884624007436,0.121852858366887,0,0,0,0.812413253705388,0.583082074157509,0,0,0,0,0,0
0,-1.83103358930705,0.128118926419854,0,0,0,0.812470128036648,0.583002822504413,0,0,0,0,0,0
0,-1.83319800201793,0.134391130311971,0,0,0,0.812498629535397,0.582963100893273,0,0,0,0,0,0
0,-1.83537534684647,0.140663862115715,0,0,0,0.812419617295489,0.583073207610717,0,0,0,0,0,0
0,-1.83755042805211,0.146924594515563,0,0,0,0.812362630173172,0.583152601896043,0,0,0,0,0,0
0,-1.83970811738991,0.153210140721969,0,0,0,0.812335356018436,0.583190594370656,0,0,0,0,0,0
0,-1.84187081465684,0.159477156896995,0,0,0,0.812331651917786,0.583195753836154,0,0,0,0,0,0
0,-1.84403943645509,0.165748523899182,0,0,0,0.812353152276097,0.583165804884929,0,0,0,0,0,0
0,-1.84621151180965,0.17202339313612,0,0,0,0.812409687973841,0.583087042289781,0,0,0,0,0,0
0,-1.84838620671472,0.178291785567498,0,0,0,0.812507368069196,0.582950921461891,0,0,0,0,0,0
0,-1.85056450479075,0.184562525278534,0,0,0,0.81264504160572,0.582758986506116,0,0,0,0,0,0
0,-1.85274181926519,0.190830190687893,0,0,0,0.81283454799271,0.582494633099298,0,0,0,0,0,0
0,-1.85492474326145,0.197098314259872,0,0,0,0.812992483164607,0.582274181393821,0,0,0,0,0,0
0,-1.85711002382041,0.203363633694538,0,0,0,0.813113136639358,0.582105683724617,0,0,0,0,0,0
0,-1.85929524577047,0.209634366155075,0,0,0,0.813210129280005,0.581970175899416,0,0,0,0,0,0
0,-1.86148013416817,0.215904996353614,0,0,0,0.813278155511549,0.581875108393315,0,0,0,0,0,0
0,-1.86366355319759,0.222168127256149,0,0,0,0.813301290501262,0.581842771604993,0,0,0,0,0,0
0,-1.86584272268236,0.228437221463856,0,0,0,0.813297902932514,0.581847506727985,0,0,0,0,0,0
0,-1.86802833465377,0.234711004478638,0,0,0,0.813306085889321,0.581836068541123,0,0,0,0,0,0
0,-1.87021238368068,0.240971386305181,0,0,0,0.813332114959401,0.581799682687836,0,0,0,0,0,0
0,-1.87239376756186,0.247241502432581,0,0,0,0.813362815172139,0.581756762655366,0,0,0,0,0,0
0,-1.87458780831536,0.25350958003485,0,0,0,0.813397608691785,0.581708114241571,0,0,0,0,0,0
0,-1.87676267760017,0.2597786253662,0,0,0,0.813428890915674,0.581664370082692,0,0,0,0,0,0
0,-1.87894828592279,0.26604632657214,0,0,0,0.813460828550712,0.581619704285874,0,0,0,0,0,0
0,-1.88113454880297,0.272313612518762,0,0,0,0.813493132476739,0.581574520945667,0,0,0,0,0,0
0,-1.88332171706859,0.278584627142405,0,0,0,0.81352917516474,0.581524101956038,0,0,0,0,0,0
0,-1.8855083724928,0.284849536649892,0,0,0,0.81351326210051,0.581546363058515,0,0,0,0,0,0
0,-1.88769505912703,0.291118706414743,0,0,0,0.813371647717304,0.581744413543987,0,0,0,0,0,0
0,-1.88987265591679,0.297392597513333,0,0,0,0.813232680693572,0.581938662619992,0,0,0,0,0,0
0,-1.89204451921106,0.303665325023214,0,0,0,0.813135774617437,0.582074060611964,0,0,0,0,0,0
0,-1.89421906619304,0.309942154825357,0,0,0,0.813068844968875,0.582167547481803,0,0,0,0,0,0
0,-1.89639345594205,0.316212372619153,0,0,0,0.813064472039752,0.582173654768677,0,0,0,0,0,0
0,-1.89857317525712,0.322492438957338,0,0,0,0.813118068888247,0.582098794061152,0,0,0,0,0,0
0,-1.90074161026435,0.328762432378103,0,0,0,0.813213600785879,0.581965324995281,0,0,0,0,0,0
0,-1.90292118709088,0.335032663410366,0,0,0,0.813278366535652,0.581874813447962,0,0,0,0,0,0
0,-1.90510901032698,0.341305180809189,0,0,0,0.813198748115239,0.581986078926126,0,0,0,0,0,0
0,-1.90726562149924,0.347582561075524,0,0,0,0.812960029824114,0.582319491266071,0,0,0,0,0,0
0,-1.90944365522871,0.353854048970494,0,0,0,0.812697129812273,0.582686343751844,0,0,0,0,0,0
0,-1.91157307567002,0.360143120303293,0,0,0,0.812524158015286,0.582927519200757,0,0,0,0,0,0
0,-1.91372585083534,0.366428728569715,0,0,0,0.812510732710156,0.582946231852308,0,0,0,0,0,0
0,-1.91588217189095,0.372708859635375,0,0,0,0.812568228125669,0.582866086370368,0,0,0,0,0,0
0,-1.91804313010476,0.378985323590177,0,0,0,0.812704933700885,0.582675459186535,0,0,0,0,0,0
0,-1.92020084756084,0.385268942113044,0,0,0,0.812849287578996,0.582474064385975,0,0,0,0,0,0
0,-1.92234345952317,0.391553981921022,0,0,0,0.812835188328881,0.582493739549492,0,0,0,0,0,0
0,-1.92446930510655,0.397851902293086,0,0,0,0.812663388082957,0.58273340188248,0,0,0,0,0,0
0,-1.92657822531033,0.404147365145589,0,0,0,0.812324148537979,0.583206205129924,0,0,0,0,0,0
0,-1.92867573112662,0.410449328826957,0,0,0,0.811896606403839,0.583801250863621,0,0,0,0,0,0
0,-1.93076308644002,0.416762998024772,0,0,0,0.811633910792906,0.584166410238565,0,0,0,0,0,0
0,-1.93285201557245,0.42306144084443,0,0,0,0.811522708079206,0.584320882967391,0,0,0,0,0,0
0,-1.93496170436676,0.429367700453891,0,0,0,0.811575901275889,0.584246999537206,0,0,0,0,0,0
0,-1.93705366397476,0.435664185592081,0,0,0,0.811752311037119,0.584001871166433,0,0,0,0,0,0
0,-1.93913270374757,0.441977840998653,0,0,0,0.811784107543291,0.583957672044936,0,0,0,0,0,0
0,-1.9411488008162,0.448304402159352,0,0,0,0.811648777264473,0.584145754384199,0,0,0,0,0,0
0,-1.94317055093327,0.454637381764894,0,0,0,0.811352989310186,0.584556521422372,0,0,0,0,0,0
0,-1.94514313913089,0.460995037466129,0,0,0,0.810907837311133,0.585173888162639,0,0,0,0,0,0
0,-1.94711393636887,0.46734354137013,0,0,0,0.810479759262805,0.585766642806934,0,0,0,0,0,0
0,-1.94909134447196,0.47368506219104,0,0,0,0.81019663118441,0.586158185831634,0,0,0,0,0,0
0,-1.95108619470311,0.480027807747315,0,0,0,0.810036700092596,0.586379181505531,0,0,0,0,0,0
0,-1.95309293767871,0.486357932956564,0,0,0,0.809774379089215,0.586741386788656,0,0,0,0,0,0
0,-1.9550542585149,0.492712681574748,0,0,0,0.809365152234878,0.587305755418599,0,0,0,0,0,0
0,-1.95696116798271,0.499079546558295,0,0,0,0.80879571469918,0.588089697141721,0,0,0,0,0,0
0,-1.95883287765491,0.505462518698013,0,0,0,0.808059592280092,0.589100751420443,0,0,0,0,0,0
0,-1.96066917889359,0.51185275277731,0,0,0,0.807180386005156,0.590304857212412,0,0,0,0,0,0
0,-1.96250103882679,0.518237926126241,0,0,0,0.806426777438366,0.591333960322229,0,0,0,0,0,0
0,-1.96435705418017,0.524624139130649,0,0,0,0.805829333640891,0.592147857417282,0,0,0,0,0,0
0,-1.96622074933354,0.531010213402945,0,0,0,0.805346853197097,0.592803884978441,0,0,0,0,0,0
0,-1.96808499905125,0.537386225898712,0,0,0,0.804729689178289,0.593641413106443,0,0,0,0,0,0
0,-1.96986352967965,0.543797813125319,0,0,0,0.803958419259122,0.594685513614021,0,0,0,0,0,0
0,-1.97156359972191,0.550225350597631,0,0,0,0.803008297304475,0.595967846834178,0,0,0,0,0,0
0,-1.97322353984661,0.556661520949192,0,0,0,0.801877495128146,0.597488479225339,0,0,0,0,0,0
0,-1.97487866877795,0.563098108284577,0,0,0,0.800646961782333,0.599136414006625,0,0,0,0,0,0
0,-1.9765281989058,0.569542478986165,0,0,0,0.799554263614384,0.600593855726197,0,0,0,0,0,0
0,-1.97818895019204,0.575980656996888,0,0,0,0.798613662555511,0.60184401465801,0,0,0,0,0,0
0,-1.97988145922704,0.582411729151921,0,0,0,0.797758654606504,0.602976889275551,0,0,0,0,0,0
0,-1.98154310033498,0.588852851454905,0,0,0,0.796821697699432,0.604214516604322,0,0,0,0,0,0
0,-1.98309616581713,0.595323278578002,0,0,0,0.795695188460891,0.605697256936324,0,0,0,0,0,0
0,-1.98459290249311,0.601808450275704,0,0,0,0.794389820437657,0.607408275532222,0,0,0,0,0,0
0,-1.98605415907735,0.608303788905051,0,0,0,0.792943772470519,0.609294816735069,0,0,0,0,0,0
0,-1.98746961285807,0.614799790444111,0,0,0,0.791605829206399,0.61103208685506,0,0,0,0,0,0
0,-1.98890978052325,0.621296449349338,0,0,0,0.790436811165663,0.612543588289239,0,0,0,0,0,0
0,-1.9903730563406,0.627781323815128,0,0,0,0.789432758330023,0.613837046841791,0,0,0,0,0,0
0,-1.99182539051273,0.634276660113136,0,0,0,0.788539209962502,0.61498448301702,0,0,0,0,0,0
0,-1.99323713607108,0.64078310952045,0,0,0,0.787484937604515,0.61633389736896,0,0,0,0,0,0
0,-1.99456957050412,0.647302787898762,0,0,0,0.786258223295098,0.61789805494178,0,0,0,0,0,0
0,-1.99584862151335,0.653834032373068,0,0,0,0.784870142639587,0.619660277243033,0,0,0,0,0,0
0,-1.99708095423712,0.660377443283014,0,0,0,0.783351363119711,0.621579151756628,0,0,0,0,0,0
0,-1.99830491303838,0.666916700063691,0,0,0,0.781959965719218,0.623328654894349,0,0,0,0,0,0
0,-1.99954208148731,0.673456218047759,0,0,0,0.780734019790597,0.624863497366917,0,0,0,0,0,0
0,-2.0008215509291,0.679988323643583,0,0,0,0.779593314704536,0.626286087717103,0,0,0,0,0,0
0,-2.00210120879889,0.686517245706057,0,0,0,0.778343026196752,0.627839257749053,0,0,0,0,0,0
0,-2.0032791073996,0.693070133450193,0,0,0,0.776935568355069,0.629580116128826,0,0,0,0,0,0
0,-2.00433796461034,0.699644382828081,0,0,0,0.775309910173416,0.631580987037204,0,0,0,0,0,0
0,-2.00536591806847,0.706222666910776,0,0,0,0.773503714303609,0.63379176703277,0,0,0,0,0,0
0,-2.00637919137739,0.712804474219817,0,0,0,0.771703935782856,0.635981945889386,0,0,0,0,0,0
0,-2.00738473281122,0.719380367401002,0,0,0,0.770056073702387,0.637976209081549,0,0,0,0,0,0
0,-2.0084052338423,0.725956996113246,0,0,0,0.768581559311729,0.639751816477258,0,0,0,0,0,0
0,-2.00944144517119,0.73253102242491,0,0,0,0.767213565808436,0.641391724642207,0,0,0,0,0,0
0,-2.01041314735651,0.739119955188287,0,0,0,0.765708028263181,0.643188320364503,0,0,0,0,0,0
0,-2.01130712785799,0.745712480983362,0,0,0,0.763979842456702,0.645240110594368,0,0,0,0,0,0
0,-2.01214761749787,0.752324531620917,0,0,0,0.762141011001528,0.64741105902631,0,0,0,0,0,0
0,-2.01293506440879,0.758942479211183,0,0,0,0.760317497749754,0.64955161659067,0,0,0,0,0,0
0,-2.0137154219555,0.765548590494725,0,0,0,0.75864096406922,0.651508931355606,0,0,0,0,0,0
0,-2.01450993211021,0.772158483843508,0,0,0,0.757141388745322,0.653251037082073,0,0,0,0,0,0
0,-2.01535043494393,0.778766430474824,0,0,0,0.755745154545903,0.654865834641256,0,0,0,0,0,0
0,-2.01619479310278,0.785368022715869,0,0,0,0.754218077158892,0.656624011201802,0,0,0,0,0,0
0,-2.01692513035904,0.79198595677918,0,0,0,0.752490716331915,0.658602855926301,0,0,0,0,0,0
0,-2.01754323087317,0.798619890173319,0,0,0,0.750550427851389,0.660813177268808,0,0,0,0,0,0
0,-2.01814799265339,0.805251066760479,0,0,0,0.748470362637759,0.663168241287911,0,0,0,0,0,0
0,-2.01872584787789,0.811880590623608,0,0,0,0.746529152505893,0.665352706809579,0,0,0,0,0,0
0,-2.01930255623111,0.818515327467836,0,0,0,0.744767345544855,0.667324209818638,0,0,0,0,0,0
0,-2.01990581704394,0.825140058565373,0,0,0,0.74318137303027,0.669090013959887,0,0,0,0,0,0
0,-2.02051744399213,0.831768168340444,0,0,0,0.741721667408915,0.67070781126817,0,0,0,0,0,0
0,-2.02108102427285,0.838404033102708,0,0,0,0.740086896525632,0.672511253133401,0,0,0,0,0,0
0,-2.02156819237001,0.845045746470787,0,0,0,0.738227914322725,0.674551366846676,0,0,0,0,0,0
0,-2.02200220796307,0.851694683106357,0,0,0,0.736308787553724,0.676645674907601,0,0,0,0,0,0
0,-2.0224025713121,0.858346555476583,0,0,0,0.734554572631936,0.678549614859159,0,0,0,0,0,0
0,-2.02279675059222,0.864985425259819,0,0,0,0.732981456233908,0.680248619856901,0,0,0,0,0,0
0,-2.02320246370149,0.871634914872761,0,0,0,0.731593004952248,0.681741648357308,0,0,0,0,0,0
0,-2.02365377515486,0.87827870498958,0,0,0,0.730314952837996,0.683110583771936,0,0,0,0,0,0
0,-2.02409400794617,0.884926938067221,0,0,0,0.72887555253911,0.684646207110509,0,0,0,0,0,0
0,-2.02445592893742,0.891572822316997,0,0,0,0.727227591210344,0.686396409214384,0,0,0,0,0,0
0,-2.02474358365743,0.898227271378153,0,0,0,0.725431636671483,0.688294225252641,0,0,0,0,0,0
0,-2.02501304580038,0.904879069868633,0,0,0,0.723659911045335,0.690156745345474,0,0,0,0,0,0
0,-2.02527031138284,0.911527744023105,0,0,0,0.722054845494458,0.691835818744574,0,0,0,0,0,0
0,-2.02553318133807,0.918176506717239,0,0,0,0.720640720833829,0.693308698543512,0,0,0,0,0,0
0,-2.02581324739255,0.924821170188472,0,0,0,0.719435641441856,0.694559110388126,0,0,0,0,0,0
0,-2.02610365733751,0.93147052702398,0,0,0,0.718329452717271,0.695703095694496,0,0,0,0,0,0
0,-2.02635810162565,0.938125200840682,0,0,0,0.717021852526462,0.697050688974282,0,0,0,0,0,0
0,-2.02657901952497,0.944779404858354,0,0,0,0.715523182375547,0.698588988950706,0,0,0,0,0,0
0,-2.0267715927243,0.95143245149731,0,0,0,0.714026017311301,0.700119166001447,0,0,0,0,0,0
0,-2.02693995336532,0.958086795560599,0,0,0,0.712711687842448,0.701457090642591,0,0,0,0,0,0
0,-2.02711310818474,0.964739777482903,0,0,0,0.711596665639198,0.702588204748112,0,0,0,0,0,0
0,-2.02729536409276,0.971393849913682,0,0,0,0.710676372700959,0.703519078124117,0,0,0,0,0,0
0,-2.02748291370726,0.9780514671906,0,0,0,0.709832272103989,0.704370744338298,0,0,0,0,0,0
0,-2.0276860736309,0.984702394527528,0,0,0,0.708830596090478,0.705378753611148,0,0,0,0,0,0
0,-2.02785143111662,0.991358052343274,0,0,0,0.707708136329332,0.70650491418904,0,0,0,0,0,0
0,-2.02797485172898,0.998008115041913,0,0,0,0.706740043434752,0.707473328830031,0,0,0,0,0,0
0,-2.02810037481462,1.00465478106798,0,0,0,0.705967346595261,0.708244382640093,0,0,0,0,0,0
0,-2.02822453318936,1.01130691373541,0,0,0,0.705407033461961,0.708802452833225,0,0,0,0,0,0
0,-2.0283549885773,1.01795342398329,0,0,0,0.705063206465496,0.709144466867361,0,0,0,0,0,0
0,-2.02847791449763,1.02460626160859,0,0,0,0.704876105437572,0.709330442024844,0,0,0,0,0,0
0,-2.02861092274319,1.03125967264415,0,0,0,0.704794035143677,0.709411987512118,0,0,0,0,0,0
0,-2.02875180877384,1.03790805465477,0,0,0,0.704537808155801,0.70966645466657,0,0,0,0,0,0
0,-2.02887518802853,1.04455880867785,0,0,0,0.70426064037738,0.709941511967882,0,0,0,0,0,0
0,-2.02898679155384,1.05120980820253,0,0,0,0.704147748418236,0.71005348277262,0,0,0,0,0,0
0,-2.0290915956955,1.0578594971836,0,0,0,0.704196904152235,0.71000473250705,0,0,0,0,0,0
0,-2.02919137845535,1.06451487105284,0,0,0,0.70444517903383,0.709758402370831,0,0,0,0,0,0
0,-2.0293028433795,1.07116755070884,0,0,0,0.704825885603791,0.709380342963372,0,0,0,0,0,0
0,-2.02942183911002,1.07781459304463,0,0,0,0.705287838643919,0.708921056719992,0,0,0,0,0,0
0,-2.02954112257347,1.08446178258851,0,0,0,0.705572279146724,0.708637960385765,0,0,0,0,0,0
0,-2.02965745064348,1.09110732949153,0,0,0,0.705732877604625,0.708478020455042,0,0,0,0,0,0
0,-2.02975911467715,1.09775098307944,0,0,0,0.705888897088336,0.70832257126779,0,0,0,0,0,0
0,-2.02986113691413,1.1044079704613,0,0,0,0.706064289364265,0.708147738317743,0,0,0,0,0,0
0,-2.0299724592358,1.11106009387542,0,0,0,0.706285131107201,0.707927477625274,0,0,0,0,0,0
0,-2.03008915501286,1.11770821286057,0,0,0,0.706540996180049,0.707672113847157,0,0,0,0,0,0
0,-2.0302034997638,1.12435690167551,0,0,0,0.706811462012452,0.707401977073728,0,0,0,0,0,0
0,-2.03031681554089,1.13100670643475,0,0,0,0.707050694764628,0.707162863160146,0,0,0,0,0,0
0,-2.03042664787554,1.13765258623046,0,0,0,0.707235722747578,0.706977816108618,0,0,0,0,0,0
0,-2.03053513359595,1.14430328254096,0,0,0,0.707421263208183,0.706792159238441,0,0,0,0,0,0
0,-2.0306461710323,1.15095523751448,0,0,0,0.70760357968531,0.706609633402018,0,0,0,0,0,0
0,-2.03075843958666,1.15760050930349,0,0,0,0.707784020450802,0.70642889266684,0,0,0,0,0,0
0,-2.03086621863413,1.16424962601919,0,0,0,0.707951090351154,0.706261462682633,0,0,0,0,0,0
0,-2.03097007204553,1.1708933883677,0,0,0,0.708095196196533,0.706116982605144,0,0,0,0,0,0
0,-2.03107288685751,1.17754722522832,0,0,0,0.70823475996222,0.705977000178657,0,0,0,0,0,0
0,-2.03118031431749,1.18419683943375,0,0,0,0.708363303420001,0.705848022146343,0,0,0,0,0,0
0,-2.03129123758545,1.1908480863886,0,0,0,0.70849098374776,0.705719863648552,0,0,0,0,0,0
0,-2.03140192105826,1.19750101526556,0,0,0,0.708629632252156,0.705580643366989,0,0,0,0,0,0
0,-2.0315183556192,1.20414793891438,0,0,0,0.708763013240726,0.705446660678131,0,0,0,0,0,0
0,-2.03163243790985,1.2107984886098,0,0,0,0.708895679718782,0.705313345454378,0,0,0,0,0,0
0,-2.03174500242414,1.21744553864877,0,0,0,0.709010438157392,0.705197985379895,0,0,0,0,0,0
0,-2.03185703474509,1.22409466529522,0,0,0,0.709120895651398,0.705086913330945,0,0,0,0,0,0
0,-2.03196597680661,1.23074415773126,0,0,0,0.709224175233974,0.704983027642289,0,0,0,0,0,0
0,-2.03207579665988,1.23738998984787,0,0,0,0.709319942681245,0.704886670972486,0,0,0,0,0,0
0,-2.03218266771406,1.24403968906686,0,0,0,0.709404562135375,0.704801509094239,0,0,0,0,0,0
0,-2.03228866273398,1.25069042144214,0,0,0,0.709492540001386,0.704712945590175,0,0,0,0,0,0
0,-2.03239780684692,1.25733750074356,0,0,0,0.709567014020797,0.704637958538717,0,0,0,0,0,0
0,-2.03250761456664,1.2639940916819,0,0,0,0.709657907196473,0.70454641774231,0,0,0,0,0,0
0,-2.03261833220847,1.2706425337102,0,0,0,0.709746724168487,0.704456945123051,0,0,0,0,0,0
0,-2.03273221603436,1.27729462737145,0,0,0,0.709819808783611,0.704383304074136,0,0,0,0,0,0
0,-2.03284461704918,1.28394429951138,0,0,0,0.709903070677252,0.70429938963697,0,0,0,0,0,0
0,-2.03296014409843,1.29059226315644,0,0,0,0.709981664934378,0.704220161211682,0,0,0,0,0,0
0,-2.03307435283762,1.29724063654896,0,0,0,0.710050533975078,0.704150721935088,0,0,0,0,0,0
0,-2.03318476886279,1.30389026685435,0,0,0,0.710124230339232,0.704076400318256,0,0,0,0,0,0
0,-2.03329450098977,1.31054015350839,0,0,0,0.710186288744508,0.704013803330093,0,0,0,0,0,0
0,-2.03340297696155,1.31718904757617,0,0,0,0.710239488902477,0.7039601326805,0,0,0,0,0,0
0,-2.03351139440762,1.32383979715647,0,0,0,0.710286440626639,0.703912758985046,0,0,0,0,0,0
0,-2.03362227302426,1.33048923031689,0,0,0,0.710330335301082,0.703868464097556,0,0,0,0,0,0
0,-2.03373381518485,1.33714317425521,0,0,0,0.71038736333276,0.703810907856029,0,0,0,0,0,0
0,-2.03384547290907,1.34379496826572,0,0,0,0.710436735999298,0.703761070351766,0,0,0,0,0,0
0,-2.03396091499726,1.35044204452274,0,0,0,0.710477441336528,0.703719976518998,0,0,0,0,0,0
0,-2.03407401070782,1.3570954027074,0,0,0,0.710514025397756,0.703683039239313,0,0,0,0,0,0
0,-2.03419002429979,1.36374716191895,0,0,0,0.710558381973532,0.703638249249681,0,0,0,0,0,0
0,-2.03430668623826,1.3703954033474,0,0,0,0.71059803832907,0.703598200625099,0,0,0,0,0,0
0,-2.03442310478015,1.37704317061591,0,0,0,0.710635590201434,0.703560273138741,0,0,0,0,0,0
0,-2.0345386931824,1.3836948461043,0,0,0,0.710671402865212,0.703524098485327,0,0,0,0,0,0
0,-2.03465389252691,1.39034358203273,0,0,0,0.710703375984739,0.70349179907366,0,0,0,0,0,0
0,-2.03477106955593,1.39699476539933,0,0,0,0.710738291351191,0.703456524034846,0,0,0,0,0,0
0,-2.03488947594139,1.40364760808434,0,0,0,0.71077772118736,0.703416683811027,0,0,0,0,0,0
0,-2.0350084060906,1.41029790198094,0,0,0,0.710807702740198,0.703386387219146,0,0,0,0,0,0
0,-2.03512912084038,1.4169478010283,0,0,0,0.710834260823356,0.703359547912526,0,0,0,0,0,0
0,-2.03524901393645,1.42360143772888,0,0,0,0.71086186777389,0.703331646483376,0,0,0,0,0,0
0,-2.03537153775922,1.43025172867301,0,0,0,0.71088683200229,0.703306414079772,0,0,0,0,0,0
0,-2.03549413986111,1.43690099668354,0,0,0,0.71090453859784,0.703288516187341,0,0,0,0,0,0
0,-2.0356163911199,1.44355372234591,0,0,0,0.710924528837378,0.703268308895937,0,0,0,0,0,0
0,-2.03573980581133,1.45020403460594,0,0,0,0.710951640753155,0.703240900766157,0,0,0,0,0,0
0,-2.03586419413156,1.45685450070024,0,0,0,0.710972090488913,0.703220226206432,0,0,0,0,0,0
0,-2.0359882148762,1.4635075503056,0,0,0,0.711005527866131,0.703186418628662,0,0,0,0,0,0
0,-2.03611318233778,1.47015703793735,0,0,0,0.711018068185999,0.703173738640067,0,0,0,0,0,0
0,-2.03623903587152,1.47681094974414,0,0,0,0.711039631807821,0.703151933794254,0,0,0,0,0,0
0,-2.03636496067854,1.48345619470661,0,0,0,0.711045988785398,0.703145505448336,0,0,0,0,0,0
0,-2.03649094962535,1.49011191919574,0,0,0,0.711067336748973,0.703123916965368,0,0,0,0,0,0
0,-2.03661825191857,1.49676329166747,0,0,0,0.711089780342701,0.703101219094498,0,0,0,0,0,0
0,-2.03674669137101,1.5034146527739,0,0,0,0.711104556734815,0.703086274500493,0,0,0,0,0,0
0,-2.03687389760685,1.51006728954962,0,0,0,0.711124705117039,0.703065895753879,0,0,0,0,0,0
0,-2.03700416077137,1.51671535565072,0,0,0,0.711132155017306,0.703058360380162,0,0,0,0,0,0
0,-2.03713242655549,1.52336952661959,0,0,0,0.711152888750661,0.703037387925841,0,0,0,0,0,0
0,-2.03726174414451,1.53002113479267,0,0,0,0.711171441176693,0.7030186208449,0,0,0,0,0,0
0,-2.0373928737054,1.53667134166278,0,0,0,0.711194233706161,0.702995563245677,0,0,0,0,0,0
0,-2.03752361462776,1.54332456822331,0,0,0,0.71121494113197,0.702974613702834,0,0,0,0,0,0
0,-2.03765394568943,1.54997818768039,0,0,0,0.711238349391591,0.702950930260943,0,0,0,0,0,0
0,-2.03778657329458,1.55662931665184,0,0,0,0.711247228954511,0.702941945899182,0,0,0,0,0,0
0,-2.03791872894536,1.56327880633673,0,0,0,0.711256157978047,0.70293291126416,0,0,0,0,0,0
0,-2.03805003941745,1.56993349125062,0,0,0,0.711267543936256,0.702921390301139,0,0,0,0,0,0
0,-2.03818261495047,1.57658559347479,0,0,0,0.711321601934008,0.702866686237182,0,0,0,0,0,0
0,-2.0383166739346,1.58323673368744,0,0,0,0.711470119451808,0.702716350405503,0,0,0,0,0,0
0,-2.03845466744873,1.58988893810667,0,0,0,0.711607533465093,0.70257719740661,0,0,0,0,0,0
0,-2.03859610456994,1.59654100292249,0,0,0,0.711702356632758,0.702481142496636,0,0,0,0,0,0
0,-2.03873679397431,1.60319310364122,0,0,0,0.711763275235688,0.702419418884306,0,0,0,0,0,0
0,-2.03887750017487,1.60984688009104,0,0,0,0.711802237361797,0.702379936278607,0,0,0,0,0,0
0,-2.03901929769939,1.61649895629663,0,0,0,0.711787013681432,0.702395363847505,0,0,0,0,0,0
0,-2.03915874821183,1.62315297914863,0,0,0,0.711740593870859,0.702442401223301,0,0,0,0,0,0
0,-2.03929807956567,1.62980329857873,0,0,0,0.711729590506847,0.7024535500636,0,0,0,0,0,0
0,-2.03944084655525,1.63645608468037,0,0,0,0.711903800892536,0.702276995404777,0,0,0,0,0,0
0,-2.03960765225101,1.64310747247779,0,0,0,0.712273415027781,0.701902117281791,0,0,0,0,0,0
0,-2.03978986414846,1.64975808471247,0,0,0,0.712746582220011,0.701421634634756,0,0,0,0,0,0
0,-2.03997926118771,1.65640799579427,0,0,0,0.713128170646702,0.701033674105665,0,0,0,0,0,0
0,-2.04017193368756,1.66305878908324,0,0,0,0.713327532960945,0.700830814619229,0,0,0,0,0,0
0,-2.04036103195113,1.66970886173942,0,0,0,0.713334745371935,0.700823473526078,0,0,0,0,0,0
0,-2.04054183347283,1.67636010365092,0,0,0,0.713234190172864,0.700925809175592,0,0,0,0,0,0
0,-2.0407224084306,1.68300935041864,0,0,0,0.713288934881075,0.7008700987888,0,0,0,0,0,0
0,-2.04092527777044,1.68965928497267,0,0,0,0.713527206594083,0.700627522618149,0,0,0,0,0,0
0,-2.04115707830776,1.69630650588127,0,0,0,0.713942050720819,0.700204790195376,0,0,0,0,0,0
0,-2.04141073557544,1.70295211995084,0,0,0,0.714511496341492,0.69962369999582,0,0,0,0,0,0
0,-2.04167929471683,1.70960327357149,0,0,0,0.715063401187003,0.699059605672417,0,0,0,0,0,0
0,-2.04195083243831,1.71625249722016,0,0,0,0.715429456384854,0.698684974031123,0,0,0,0,0,0
0,-2.04222071196856,1.72290254786949,0,0,0,0.7156247205774,0.698484974282567,0,0,0,0,0,0
0,-2.04247873948426,1.72955417793704,0,0,0,0.71573753075244,0.698369377244163,0,0,0,0,0,0
0,-2.04274088631329,1.73620018734016,0,0,0,0.715993893211933,0.698106542644615,0,0,0,0,0,0
0,-2.04307987360333,1.74283726196463,0,0,0,0.716443511789922,0.697645106350014,0,0,0,0,0,0
0,-2.04344930965984,1.74947625644532,0,0,0,0.717096445029451,0.696973951110171,0,0,0,0,0,0
0,-2.0438248066032,1.75610775780102,0,0,0,0.717860357375625,0.696187120901084,0,0,0,0,0,0
0,-2.0442198788152,1.76274473758149,0,0,0,0.718454276393124,0.6955741892368,0,0,0,0,0,0
0,-2.0446071662281,1.76938056543058,0,0,0,0.718848664339962,0.695166597138162,0,0,0,0,0,0
0,-2.04496587607156,1.77602519496408,0,0,0,0.719130755360097,0.694874777708341,0,0,0,0,0,0
0,-2.04532916937626,1.78267070529163,0,0,0,0.719551765828767,0.694438806730084,0,0,0,0,0,0
0,-2.04575077165717,1.78931577398481,0,0,0,0.720157979781839,0.693810121111345,0,0,0,0,0,0
0,-2.04624362169772,1.79595911525381,0,0,0,0.720960083093343,0.692976593101123,0,0,0,0,0,0
0,-2.04679427102954,1.8025911506512,0,0,0,0.721993733552826,0.691899594385233,0,0,0,0,0,0
0,-2.04738133229881,1.80920644148676,0,0,0,0.723180773799486,0.690658793042394,0,0,0,0,0,0
0,-2.04795675609141,1.81582444872242,0,0,0,0.72419503739431,0.689595205764551,0,0,0,0,0,0
0,-2.04851153535966,1.82244479099605,0,0,0,0.72503149355638,0.68871571301329,0,0,0,0,0,0
0,-2.04885073091267,1.82909641711181,0,0,0,0.72593634526697,0.68776189384149,0,0,0,0,0,0
0,-2.04897920130287,1.8357630332027,0,0,0,0.726955393253442,0.686684684713249,0,0,0,0,0,0
0,-2.04919104584992,1.84242004534083,0,0,0,0.728100474795161,0.685470421391806,0,0,0,0,0,0
0,-2.04945485885219,1.84907433267929,0,0,0,0.729328187735404,0.684164011458211,0,0,0,0,0,0
0,-2.04971056487023,1.85572379844229,0,0,0,0.730376281796959,0.683045010953486,0,0,0,0,0,0
0,-2.04999181794157,1.86236492705127,0,0,0,0.731285363496747,0.68207163636632,0,0,0,0,0,0
0,-2.05013494618139,1.86903414874127,0,0,0,0.732050378567519,0.681250499624882,0,0,0,0,0,0
0,-2.05022514836004,1.87568741371296,0,0,0,0.732649239359798,0.680606414945899,0,0,0,0,0,0
0,-2.05035080820777,1.8823540550359,0,0,0,0.733380542989797,0.679818342768118,0,0,0,0,0,0
0,-2.05050272207324,1.88900960459015,0,0,0,0.73428080952938,0.678845853457821,0,0,0,0,0,0
0,-2.05070254124176,1.89566793024127,0,0,0,0.735252252279273,0.677793571464244,0,0,0,0,0,0
0,-2.05095732616655,1.90232204355335,0,0,0,0.736080539637058,0.676893964493419,0,0,0,0,0,0
0,-2.05121447748567,1.9089758512386,0,0,0,0.73673377942185,0.676182917751399,0,0,0,0,0,0
0,-2.05147670987162,1.91562858603226,0,0,0,0.737189451301305,0.675686105296002,0,0,0,0,0,0
0,-2.05174026992556,1.92228148965351,0,0,0,0.737458233494434,0.675392740449044,0,0,0,0,0,0
0,-2.05198560393474,1.92893548246479,0,0,0,0.737638645611071,0.675195696447382,0,0,0,0,0,0
0,-2.0522416714541,1.93558754878738,0,0,0,0.737941209684955,0.674865002092051,0,0,0,0,0,0
0,-2.05259888225563,1.94223297902087,0,0,0,0.738404294958652,0.674358285473394,0,0,0,0,0,0
0,-2.05301242219159,1.94887159003388,0,0,0,0.739063922510687,0.673635300769724,0,0,0,0,0,0
0,-2.05344645671192,1.95550605893177,0,0,0,0.739840433409031,0.672782381675633,0,0,0,0,0,0
0,-2.05391553686916,1.96214832496567,0,0,0,0.740475936572759,0.672082872387547,0,0,0,0,0,0
0,-2.05439142832445,1.96877779280043,0,0,0,0.740933307054398,0.671578613788015,0,0,0,0,0,0
0,-2.0548406518496,1.97541093048815,0,0,0,0.74130757372378,0.671165464799674,0,0,0,0,0,0
0,-2.05528431886477,1.98205160998438,0,0,0,0.741796500802798,0.670625045309764,0,0,0,0,0,0
0,-2.05579434266945,1.9886783184075,0,0,0,0.742453922089671,0.669897136561775,0,0,0,0,0,0
0,-2.05639814617968,1.99530052104722,0,0,0,0.743287874228142,0.668971700466775,0,0,0,0,0,0
0,-2.05706068510924,2.00191627361663,0,0,0,0.744326483643498,0.667815907078369,0,0,0,0,0,0
0,-2.05774625509274,2.00852961445296,0,0,0,0.745467171528484,0.666542343871206,0,0,0,0,0,0
0,-2.05843276690877,2.01514899529899,0,0,0,0.746445846881757,0.665446164368671,0,0,0,0,0,0
0,-2.05923276018323,2.02173871338087,0,0,0,0.747145058883772,0.664661012084781,0,0,0,0,0,0
0,-2.06028901042633,2.02829296372217,0,0,0,0.747783731179713,0.663942385590004,0,0,0,0,0,0
0,-2.06134242444225,2.03484277811599,0,0,0,0.748574774728588,0.663050380167332,0,0,0,0,0,0
0,-2.06246284104627,2.04137655638359,0,0,0,0.749509292602845,0.661993821951521,0,0,0,0,0,0
0,-2.06372657844553,2.047892167112,0,0,0,0.750653645811084,0.660695924030509,0,0,0,0,0,0
0,-2.06500068405609,2.05440193089559,0,0,0,0.752003927409857,0.659158625188316,0,0,0,0,0,0
0,-2.0661422998791,2.06095034053504,0,0,0,0.753422729319865,0.657536455981114,0,0,0,0,0,0
0,-2.06704589981952,2.06754142137888,0,0,0,0.754718902270055,0.656048305047946,0,0,0,0,0,0
0,-2.0678828276109,2.07414796419247,0,0,0,0.755809787908729,0.654791237343141,0,0,0,0,0,0
0,-2.06876040916407,2.08074802946874,0,0,0,0.756788180054141,0.653660195002221,0,0,0,0,0,0
0,-2.0696764577021,2.087342768449,0,0,0,0.757941794492891,0.65232218738971,0,0,0,0,0,0
0,-2.07066696037654,2.09392268752481,0,0,0,0.759249272937883,0.650799924357168,0,0,0,0,0,0
0,-2.07174307011662,2.10050499506498,0,0,0,0.760704399921635,0.649098463978975,0,0,0,0,0,0
0,-2.07288969291034,2.10703470938801,0,0,0,0.762209567307024,0.647330344959696,0,0,0,0,0,0
0,-2.07393852526347,2.1135958166467,0,0,0,0.763551883875717,0.645746483250078,0,0,0,0,0,0
0,-2.07509283106898,2.12013863326295,0,0,0,0.764649210440155,0.644446727800869,0,0,0,0,0,0
0,-2.07615981274878,2.12670326783533,0,0,0,0.765705101123251,0.643191805073596,0,0,0,0,0,0
0,-2.0771873329734,2.13329894745119,0,0,0,0.766898525773265,0.641768378129362,0,0,0,0,0,0
0,-2.07839475476102,2.13982046272801,0,0,0,0.768178480218894,0.6402357554281,0,0,0,0,0,0
0,-2.07975494644512,2.14634291823944,0,0,0,0.769719998495339,0.63838164440743,0,0,0,0,0,0
0,-2.08101822363892,2.15286240578511,0,0,0,0.771389486276223,0.63636330854513,0,0,0,0,0,0
0,-2.08219323144054,2.15938232097277,0,0,0,0.773008969852708,0.634395091821535,0,0,0,0,0,0
0,-2.0830500444769,2.16597342529956,0,0,0,0.774589896621939,0.632463826674074,0,0,0,0,0,0
0,-2.08356954262313,2.17263813504625,0,0,0,0.775991938744722,0.630742824773463,0,0,0,0,0,0
0,-2.08403164505989,2.17931980132483,0,0,0,0.777217517483146,0.629232016443326,0,0,0,0,0,0
0,-2.08454572023561,2.1859912852255,0,0,0,0.778577126785734,0.627548928487707,0,0,0,0,0,0
0,-2.08518022150017,2.19264010259452,0,0,0,0.780064613761071,0.625698967841398,0,0,0,0,0,0
0,-2.08591536610074,2.1992769325915,0,0,0,0.781615240446512,0.623760864355676,0,0,0,0,0,0
0,-2.08668388034907,2.20590592514437,0,0,0,0.783013208849038,0.622005076159296,0,0,0,0,0,0
0,-2.08747692418493,2.21253074300893,0,0,0,0.784253388642132,0.62044066791542,0,0,0,0,0,0
0,-2.08827734070191,2.21915230759038,0,0,0,0.785339989102759,0.61906469897425,0,0,0,0,0,0
0,-2.08905076117523,2.22577567396042,0,0,0,0.786356566096649,0.617772895938861,0,0,0,0,0,0
0,-2.08984168505906,2.23239320020103,0,0,0,0.787457598766146,0.616368826390056,0,0,0,0,0,0
0,-2.09072969144464,2.23899972223189,0,0,0,0.788671717391076,0.614814542921204,0,0,0,0,0,0
0,-2.09174530948644,2.24558330485367,0,0,0,0.790064321752488,0.613023953442098,0,0,0,0,0,0
0,-2.09283417833704,2.25215054483227,0,0,0,0.791577782232324,0.611068420617655,0,0,0,0,0,0
0,-2.09423918552552,2.2586374087239,0,0,0,0.7930138371749,0.609203622813538,0,0,0,0,0,0
0,-2.09602972116513,2.26500827853062,0,0,0,0.79424364076417,0.607599406768699,0,0,0,0,0,0
0,-2.09791711012592,2.2713543838083,0,0,0,0.795370521198859,0.606123530320227,0,0,0,0,0,0
0,-2.09972225228357,2.27772356910975,0,0,0,0.796437019823644,0.604721484201142,0,0,0,0,0,0
0,-2.10155204361264,2.28409537387541,0,0,0,0.797618398842671,0.603162407505352,0,0,0,0,0,0
0,-2.10339689263161,2.2904523063812,0,0,0,0.799026808728685,0.601295400724846,0,0,0,0,0,0
0,-2.10493894457362,2.29690054586207,0,0,0,0.800561823464655,0.599250170472187,0,0,0,0,0,0
0,-2.10618753395575,2.30344552907347,0,0,0,0.801923152013149,0.597427199134167,0,0,0,0,0,0
0,-2.10742007821401,2.31001866307379,0,0,0,0.803097019620738,0.595848283606059,0,0,0,0,0,0
0,-2.10867612680711,2.31658082947592,0,0,0,0.804108705847472,0.594482286683383,0,0,0,0,0,0
0,-2.10989115938298,2.32313908263162,0,0,0,0.805033291651508,0.593229634570574,0,0,0,0,0,0
0,-2.11111209217371,2.32970337810857,0,0,0,0.806093310199907,0.591788454813843,0,0,0,0,0,0
0,-2.11244696537243,2.33623218189996,0,0,0,0.807301400985458,0.590139346228427,0,0,0,0,0,0
0,-2.11390023607856,2.34272838341207,0,0,0,0.80869323800549,0.588230606823714,0,0,0,0,0,0
0,-2.11542209661688,2.34920259394321,0,0,0,0.810129087186493,0.586251534833282,0,0,0,0,0,0
0,-2.11697170665794,2.35567167943062,0,0,0,0.811392769420053,0.58450130344838,0,0,0,0,0,0
0,-2.11852566513369,2.3621433021356,0,0,0,0.812493755817135,0.582969893526386,0,0,0,0,0,0
0,-2.12007069221282,2.36861372945651,0,0,0,0.813421972342008,0.581674045244617,0,0,0,0,0,0
0,-2.12157754689331,2.37509803552542,0,0,0,0.814274616177889,0.580479844136169,0,0,0,0,0,0
0,-2.12309826587883,2.38158098963254,0,0,0,0.815249642970603,0.579109678417054,0,0,0,0,0,0
0,-2.1247577650484,2.38803208582515,0,0,0,0.816363919897614,0.57753783450905,0,0,0,0,0,0
0,-2.12650777089075,2.39445359429408,0,0,0,0.817642346271368,0.575726491994116,0,0,0,0,0,0
0,-2.12829168082257,2.40086025056179,0,0,0,0.818932157692291,0.573890338912799,0,0,0,0,0,0
0,-2.13027205130001,2.4071917071475,0,0,0,0.820093028553129,0.572230219857843,0,0,0,0,0,0
0,-2.13261817768782,2.4133726019399,0,0,0,0.821048038334298,0.570859105863609,0,0,0,0,0,0
0,-2.13529175935631,2.41942638360969,0,0,0,0.821815702543627,0.569753412497655,0,0,0,0,0,0
0,-2.13807383928086,2.42542985382201,0,0,0,0.822450828837853,0.568836210296012,0,0,0,0,0,0
0,-2.14082907375026,2.43145128298981,0,0,0,0.823013406609706,0.56802194723504,0,0,0,0,0,0
0,-2.14364421632987,2.43744096910246,0,0,0,0.823702734619759,0.567021873458097,0,0,0,0,0,0
0,-2.14654470557995,2.44339968657328,0,0,0,0.824560310369726,0.565774066711245,0,0,0,0,0,0
0,-2.14947976935186,2.44934480239803,0,0,0,0.825586570049685,0.564275478249405,0,0,0,0,0,0
0,-2.15245390176302,2.45526881597513,0,0,0,0.82672275246675,0.562609536493827,0,0,0,0,0,0
0,-2.15528980495224,2.46126842969798,0,0,0,0.827836577141886,0.560969341003593,0,0,0,0,0,0
0,-2.15779990491805,2.46739366326195,0,0,0,0.828849552026361,0.559471554331138,0,0,0,0,0,0
0,-2.16002372836667,2.47364907833349,0,0,0,0.829784295112118,0.558084244165059,0,0,0,0,0,0
0,-2.16197580676255,2.48002648867426,0,0,0,0.830858375508178,0.556483925956455,0,0,0,0,0,0
0,-2.16386125775068,2.48644332138998,0,0,0,0.832010302545329,0.554760179229213,0,0,0,0,0,0
0,-2.16585946177645,2.49281066735982,0,0,0,0.833276665472353,0.552856218902596,0,0,0,0,0,0
0,-2.16790730239882,2.49915867635488,0,0,0,0.834499586848205,0.551008565768422,0,0,0,0,0,0
0,-2.16996558627084,2.5054999903646,0,0,0,0.835562133789651,0.549395959738406,0,0,0,0,0,0
0,-2.17206562315939,2.51182575741877,0,0,0,0.836504027375134,0.547960776137471,0,0,0,0,0,0
0,-2.17415214418806,2.51815063210231,0,0,0,0.837296449219578,0.546749171123547,0,0,0,0,0,0
0,-2.17623995981852,2.52448465963744,0,0,0,0.837989856371002,0.545685807602971,0,0,0,0,0,0
0,-2.17840009165315,2.53079052561998,0,0,0,0.838798477430181,0.544442021027776,0,0,0,0,0,0
0,-2.18061351638145,2.53706935402471,0,0,0,0.839733039128743,0.542999468688142,0,0,0,0,0,0
0,-2.18287614876485,2.54333476666864,0,0,0,0.840816261382476,0.541320620884513,0,0,0,0,0,0
0,-2.18520802090963,2.54956207520147,0,0,0,0.842014625900312,0.539454696679858,0,0,0,0,0,0
0,-2.18782779703747,2.55562700258134,0,0,0,0.843231766883151,0.537550171908741,0,0,0,0,0,0
0,-2.19080683538933,2.56152043953296,0,0,0,0.844280424962709,0.535901636519973,0,0,0,0,0,0
0,-2.19409258427514,2.56725348755903,0,0,0,0.845148173069322,0.534532099651262,0,0,0,0,0,0
0,-2.19756398445232,2.57290409412802,0,0,0,0.84587919818534,0.533374523273585,0,0,0,0,0,0
0,-2.2009879618857,2.57857916954555,0,0,0,0.846518530715065,0.532359255724935,0,0,0,0,0,0
0,-2.20439462804265,2.58427013185379,0,0,0,0.847282491471375,0.53114252291269,0,0,0,0,0,0
0,-2.20795800511349,2.58986306603331,0,0,0,0.848174346275739,0.529717168231992,0,0,0,0,0,0
0,-2.21162314917386,2.59537977688464,0,0,0,0.849240396424971,0.528006391135521,0,0,0,0,0,0
0,-2.21534440356494,2.60086277790682,0,0,0,0.850429269017634,0.526089401526138,0,0,0,0,0,0
0,-2.2191881344442,2.60626269232799,0,0,0,0.851719901710659,0.523997336853904,0,0,0,0,0,0
0,-2.22305455749043,2.61165024315221,0,0,0,0.852914940557079,0.52204990582751,0,0,0,0,0,0
0,-2.22688296932528,2.61707362779249,0,0,0,0.853974563399646,0.520314755764606,0,0,0,0,0,0
0,-2.23071547851835,2.62250041897233,0,0,0,0.854906255121206,0.51878251219045,0,0,0,0,0,0
0,-2.23449079738994,2.62797255785355,0,0,0,0.855782744492532,0.51733537886832,0,0,0,0,0,0
0,-2.23824388675351,2.63345494147864,0,0,0,0.856749992681289,0.515731955613193,0,0,0,0,0,0
0,-2.24210131402225,2.6388688519932,0,0,0,0.857838601467347,0.513919189982768,0,0,0,0,0,0
0,-2.24602214898063,2.64423024016146,0,0,0,0.859075906714475,0.511848206505308,0,0,0,0,0,0
0,-2.24998232601102,2.64956653238731,0,0,0,0.860447764262581,0.509538658960754,0,0,0,0,0,0
0,-2.25400253325052,2.6548536464273,0,0,0,0.861896412895169,0.507084384928623,0,0,0,0,0,0
0,-2.25801656519534,2.66014078997403,0,0,0,0.86322988066923,0.504811027137665,0,0,0,0,0,0
0,-2.26201430016122,2.6654396418354,0,0,0,0.864419808472393,0.502770717843182,0,0,0,0,0,0
0,-2.26598653026742,2.67075896041415,0,0,0,0.865463703736831,0.500971633442579,0,0,0,0,0,0
0,-2.26992433330728,2.67611625071108,0,0,0,0.866427685469895,0.499302579455864,0,0,0,0,0,0
0,-2.27386554726202,2.68146248647164,0,0,0,0.867474560707376,0.497481543904439,0,0,0,0,0,0
0,-2.27788769443769,2.68676117716535,0,0,0,0.868666157966716,0.495397926926773,0,0,0,0,0,0
0,-2.28197736497486,2.69199751545651,0,0,0,0.870006174629397,0.493040826004017,0,0,0,0,0,0
0,-2.28612335151415,2.69717998384652,0,0,0,0.871461951481271,0.49046311494388,0,0,0,0,0,0
0,-2.290316515985,2.70232682023765,0,0,0,0.87301822151408,0.487687589450861,0,0,0,0,0,0
0,-2.29450593256031,2.70748125492873,0,0,0,0.87447011083613,0.485079400979103,0,0,0,0,0,0
0,-2.29868688375608,2.71263952835729,0,0,0,0.875772218073413,0.482724581983115,0,0,0,0,0,0
0,-2.30284415472682,2.71782382631071,0,0,0,0.876948100476989,0.480585090353208,0,0,0,0,0,0
0,-2.30694881571767,2.72305088517113,0,0,0,0.878077218867428,0.478518962744469,0,0,0,0,0,0
0,-2.31106955084139,2.72827437981581,0,0,0,0.879312997772924,0.476244319596144,0,0,0,0,0,0
0,-2.31526589342461,2.73342517041669,0,0,0,0.88065711360476,0.473754206585369,0,0,0,0,0,0
0,-2.31950940635455,2.73853911169302,0,0,0,0.882124610262332,0.471016105849395,0,0,0,0,0,0
0,-2.32379054205872,2.74361486638377,0,0,0,0.883713053472123,0.468029100722355,0,0,0,0,0,0
0,-2.32810842012595,2.748660446682,0,0,0,0.885342377944805,0.464939645346617,0,0,0,0,0,0
0,-2.3324568969269,2.75369482149264,0,0,0,0.88686566335794,0.46202737489967,0,0,0,0,0,0
0,-2.33680194181636,2.75873411132288,0,0,0,0.888254463058023,0.45935172673835,0,0,0,0,0,0
0,-2.34113876271458,2.76378190316844,0,0,0,0.889510338190185,0.456915044896514,0,0,0,0,0,0
0,-2.34545073634821,2.76885650883613,0,0,0,0.890634939847809,0.45471903844274,0,0,0,0,0,0
0,-2.34974417065135,2.77392540299598,0,0,0,0.891689779074902,0.452647034557116,0,0,0,0,0,0
0,-2.35408187603666,2.77896665888656,0,0,0,0.892856367875641,0.450341544101715,0,0,0,0,0,0
0,-2.35847690894105,2.7839537827869,0,0,0,0.894147143243862,0.447773253141409,0,0,0,0,0,0
0,-2.36290174990307,2.78890735595971,0,0,0,0.895560796241118,0.444939164646106,0,0,0,0,0,0
0,-2.36735668647858,2.79384636497464,0,0,0,0.897045682007952,0.441937828648881,0,0,0,0,0,0
0,-2.37183630988737,2.79875946191649,0,0,0,0.898417921498686,0.43914147871726,0,0,0,0,0,0
0,-2.3763158875105,2.8036693261879,0,0,0,0.899659339805342,0.436592570139502,0,0,0,0,0,0
0,-2.38077660612633,2.80859504833909,0,0,0,0.900774459616638,0.434287200942365,0,0,0,0,0,0
0,-2.38522810138173,2.81353411302992,0,0,0,0.901757488612393,0.432242329870028,0,0,0,0,0,0
0,-2.38965389135238,2.81851192551424,0,0,0,0.902693015096902,0.430285161834875,0,0,0,0,0,0
0,-2.39407069486046,2.82348706926246,0,0,0,0.903684285541559,0.428199383541408,0,0,0,0,0,0
0,-2.3985488572121,2.82841923094026,0,0,0,0.904791532133002,0.425854767943738,0,0,0,0,0,0
0,-2.40307257251293,2.83330517976723,0,0,0,0.90601538575625,0.423244752800261,0,0,0,0,0,0
0,-2.40761909147686,2.83816567705675,0,0,0,0.907303718995816,0.420475875046786,0,0,0,0,0,0
0,-2.41216356715964,2.84302461587647,0,0,0,0.908564797597079,0.417743950964438,0,0,0,0,0,0
0,-2.41652300010355,2.848049912917,0,0,0,0.909809466665472,0.4150261851569,0,0,0,0,0,0
0,-2.42063866617091,2.85329013227994,0,0,0,0.910998514299438,0.412409634882863,0,0,0,0,0,0
0,-2.42468447261686,2.85859795128223,0,0,0,0.912208556956879,0.409726187367428,0,0,0,0,0,0
0,-2.42884118837272,2.86381570270926,0,0,0,0.913500084979044,0.406838536453073,0,0,0,0,0,0
0,-2.4330693219173,2.86897656384112,0,0,0,0.914900733153379,0.403678892779162,0,0,0,0,0,0
0,-2.4373354080718,2.87409491324778,0,0,0,0.91633682889136,0.400408311623679,0,0,0,0,0,0
0,-2.44165620047988,2.87916950743743,0,0,0,0.917715281778952,0.397238796682018,0,0,0,0,0,0
0,-2.44600025994529,2.88422472868391,0,0,0,0.918984232621901,0.394294281206735,0,0,0,0,0,0
0,-2.45036071947495,2.88926272852325,0,0,0,0.920127635137064,0.391618609181272,0,0,0,0,0,0
0,-2.45472256206905,2.89431334622823,0,0,0,0.921176370433708,0.389145338600605,0,0,0,0,0,0
0,-2.45903746832228,2.89939805996371,0,0,0,0.92212134492239,0.386900795086443,0,0,0,0,0,0
0,-2.46335743118976,2.90447370222791,0,0,0,0.922900683721193,0.385038086410882,0,0,0,0,0,0
0,-2.46776946059136,2.90946503924219,0,0,0,0.923541691827731,0.383498035791544,0,0,0,0,0,0
0,-2.47224587579719,2.91440078383797,0,0,0,0.924142343616896,0.382048332981927,0,0,0,0,0,0
0,-2.47677568960241,2.91928277117,0,0,0,0.924741153088542,0.380596636591121,0,0,0,0,0,0
0,-2.48135370171391,2.92411809552033,0,0,0,0.925336808878424,0.379146132954952,0,0,0,0,0,0
0,-2.4859498131136,2.92893110308997,0,0,0,0.925937736963974,0.37767619367129,0,0,0,0,0,0
0,-2.49056078852966,2.9337309589937,0,0,0,0.926546128963161,0.376181167661781,0,0,0,0,0,0
0,-2.4951798633034,2.93852618236071,0,0,0,0.927171192336871,0.374637932009861,0,0,0,0,0,0
0,-2.49977003804469,2.94336217710273,0,0,0,0.927816467400452,0.373036999264881,0,0,0,0,0,0
0,-2.50436094814689,2.94819241824483,0,0,0,0.928409096549527,0.371559617617537,0,0,0,0,0,0
0,-2.50903288910094,2.95293964997725,0,0,0,0.928983371106942,0.370121461424195,0,0,0,0,0,0
0,-2.51378019939837,2.95760805109994,0,0,0,0.929554918910338,0.36868367570262,0,0,0,0,0,0
0,-2.51856060884054,2.96223466004733,0,0,0,0.93011876727214,0.367258871598979,0,0,0,0,0,0
0,-2.52338497214594,2.96681444428516,0,0,0,0.930674446592739,0.365848430991988,0,0,0,0,0,0
0,-2.52823691173812,2.97136318215325,0,0,0,0.931239180359255,0.364408546776586,0,0,0,0,0,0
0,-2.53310261743447,2.97588680805812,0,0,0,0.931825084908286,0.362907717106794,0,0,0,0,0,0
0,-2.53795046148813,2.98042826238055,0,0,0,0.932418116860635,0.361381315717993,0,0,0,0,0,0
0,-2.54278394670137,2.98500120371889,0,0,0,0.93302369802767,0.35981492314629,0,0,0,0,0,0
0,-2.54763101429635,2.98954907692334,0,0,0,0.933606981211145,0.358298764488258,0,0,0,0,0,0
0,-2.55258254633883,2.99399471746803,0,0,0,0.934178079605136,0.356807112576612,0,0,0,0,0,0
0,-2.55758741562619,2.99836455298367,0,0,0,0.934750754457644,0.355304133160403,0,0,0,0,0,0
0,-2.56264403128423,3.00267764066746,0,0,0,0.935312982840479,0.353821457984173,0,0,0,0,0,0
0,-2.56774755754133,3.00694058118856,0,0,0,0.935868451768665,0.352349600516478,0,0,0,0,0,0
0,-2.57289047306352,3.01116716659483,0,0,0,0.936437692188012,0.35083393315013,0,0,0,0,0,0
0,-2.57801346405553,3.01539956902028,0,0,0,0.937003291802864,0.349320527811632,0,0,0,0,0,0
0,-2.58312848876225,3.0196567972013,0,0,0,0.937570487992143,0.347795313433311,0,0,0,0,0,0
0,-2.58820621823286,3.02395563275545,0,0,0,0.938142781242851,0.346248641877378,0,0,0,0,0,0
0,-2.59328926877391,3.02823938043953,0,0,0,0.938696801485965,0.344743839509886,0,0,0,0,0,0
0,-2.59848895448419,3.03238333122837,0,0,0,0.939245891859842,0.343245035833601,0,0,0,0,0,0
0,-2.60377891891787,3.03638825191456,0,0,0,0.939805718247372,0.341709250605746,0,0,0,0,0,0
0,-2.60913209621267,3.04031003958447,0,0,0,0.940367540487415,0.340160092893992,0,0,0,0,0,0
0,-2.61451674352674,3.04418041737515,0,0,0,0.940950182568225,0.338545054497659,0,0,0,0,0,0
0,-2.61991572067668,3.04805154592297,0,0,0,0.941529841054122,0.336929604523851,0,0,0,0,0,0
0,-2.62530233304257,3.0519378290392,0,0,0,0.942110096171542,0.335303693226972,0,0,0,0,0,0
0,-2.63067171936975,3.05585883788302,0,0,0,0.942695469133778,0.333654390761826,0,0,0,0,0,0
0,-2.63602782805429,3.05981618600757,0,0,0,0.943283105763232,0.331989431129474,0,0,0,0,0,0
0,-2.64138280721137,3.06374466901035,0,0,0,0.943829788750368,0.330432035171283,0,0,0,0,0,0
0,-2.64688032352033,3.0674772175513,0,0,0,0.944379636030239,0.328857268509293,0,0,0,0,0,0
0,-2.65243648781715,3.07111459041019,0,0,0,0.94492680754169,0.327281726329275,0,0,0,0,0,0
0,-2.65800667365615,3.07472198377223,0,0,0,0.945472259851718,0.3257026340865,0,0,0,0,0,0
0,-2.66361165839728,3.07828285765693,0,0,0,0.946020333476194,0.324107279538105,0,0,0,0,0,0
0,-2.66922194704415,3.08183705163388,0,0,0,0.946574051140636,0.322486535699094,0,0,0,0,0,0
0,-2.67483129251732,3.08537351191544,0,0,0,0.94716837018898,0.320736774495149,0,0,0,0,0,0
0,-2.68041200488825,3.08894814362917,0,0,0,0.947791031884902,0.318892081868699,0,0,0,0,0,0
0,-2.68598967570771,3.09254243876183,0,0,0,0.948377795864066,0.317142801135411,0,0,0,0,0,0
0,-2.6916258416407,3.09605335274104,0,0,0,0.948933637787209,0.315475753546819,0,0,0,0,0,0
0,-2.69732534607864,3.09947051556041,0,0,0,0.949481590453363,0.313822735617024,0,0,0,0,0,0
0,-2.70305991752947,3.10283859271381,0,0,0,0.950044000929986,0.312115998143228,0,0,0,0,0,0
0,-2.70881646716836,3.10613623739081,0,0,0,0.950588672573069,0.310453177751124,0,0,0,0,0,0
0,-2.71459848571606,3.10940524342596,0,0,0,0.951147105195564,0.308738051231296,0,0,0,0,0,0
0,-2.72037803133239,3.11268151679021,0,0,0,0.951711839741095,0.306992791603678,0,0,0,0,0,0
0,-2.7261402943232,3.11598164789079,0,0,0,0.952275533468687,0.305239755531496,0,0,0,0,0,0
0,-2.73189384596682,3.11931728762164,0,0,0,0.952852591229127,0.303433583157728,0,0,0,0,0,0
0,-2.73755986051197,3.12274998291391,0,0,0,0.953485019875805,0.301440403516908,0,0,0,0,0,0
0,-2.74304401480441,3.12643424989245,0,0,0,0.95416179601079,0.299291274569546,0,0,0,0,0,0
0,-2.74834712534083,3.13039351626552,0,0,0,0.954842793577738,0.297111493471158,0,0,0,0,0,0
0,-2.75351358891281,3.13458297781479,0,0,0,0.95555233647152,0.294821526120157,0,0,0,0,0,0
0,-2.75850012104801,3.13902694166783,0,0,0,0.956273572038606,0.292473683295651,0,0,0,0,0,0
0,-2.76333229319176,3.14373600736907,0,0,0,0.957015466279615,0.290036889553053,0,0,0,0,0,0
0,-2.76806277261216,3.14859941712801,0,0,0,0.957751466844122,0.287597162291168,0,0,0,0,0,0
0,-2.77281891639282,3.15343209012489,0,0,0,0.958472900958234,0.285183621775002,0,0,0,0,0,0
0,-2.77759339498775,3.15822499630261,0,0,0,0.959177067801962,0.282806210332853,0,0,0,0,0,0
0,-2.78234028384807,3.16301605043494,0,0,0,0.959843063599475,0.280537507759611,0,0,0,0,0,0
0,-2.78711379982831,3.16777221253029,0,0,0,0.960498746633024,0.278284310941868,0,0,0,0,0,0
0,-2.79191026209588,3.1724962934228,0,0,0,0.961153233009002,0.276015330509635,0,0,0,0,0,0
0,-2.79671860476882,3.17720346321869,0,0,0,0.961801821932863,0.273746699206813,0,0,0,0,0,0
0,-2.80156260314925,3.18187264426266,0,0,0,0.962453126278617,0.271447931870029,0,0,0,0,0,0
0,-2.80642396294757,3.18651981820468,0,0,0,0.963105865122263,0.26912282059888,0,0,0,0,0,0
0,-2.81129984535999,3.19115249755228,0,0,0,0.963756616961929,0.266783026562967,0,0,0,0,0,0
0,-2.81627688411061,3.19571078725951,0,0,0,0.964377622209902,0.264529396817773,0,0,0,0,0,0
0,-2.82146114903506,3.20002125067531,0,0,0,0.964922286664571,0.262535675095816,0,0,0,0,0,0
0,-2.82684344886831,3.20400494835086,0,0,0,0.965442628084076,0.260615678496348,0,0,0,0,0,0
0,-2.83240211429313,3.20766738243194,0,0,0,0.965948442371454,0.258734625978359,0,0,0,0,0,0
0,-2.83815076384753,3.21102029071067,0,0,0,0.966449802495555,0.256855561077237,0,0,0,0,0,0
0,-2.84404275012907,3.21407114706254,0,0,0,0.966931412930678,0.25503655167031,0,0,0,0,0,0
0,-2.84999289026869,3.21703508324729,0,0,0,0.96742709610726,0.253149785142064,0,0,0,0,0,0
0,-2.85591913575886,3.22002302033916,0,0,0,0.967930327757947,0.251218790313133,0,0,0,0,0,0
